Title,Media URL,Pinterest board,Description,Link,Publish date,Keywords
"Free Printable Alphabets Coloring Sheet - Letter A - Apple | Coloro","https://raw.githubusercontent.com/Singhak/insta_video/main/pin-001-letter-a-apple.png","Preschool Alphabet Activities & Printables","Download this free printable Letter A - Apple coloring page! Perfect for toddlers, preschoolers, and early learners. Features crisp high-contrast outlines for easy crayon coloring alongside a digital magic color preview. Print the PDF directly or color online with interactive sound effects and glitter brushes at Coloro.in. Discover our full Alphabets collection at https://coloro.in/app?category=alphabet. #kidsactivities #coloringpages #freecoloringpages #toddleractivities #pr...","https://coloro.in/app?category=alphabet","","alphabets coloring pages, free coloring sheets, printable coloring pages for kids, preschool coloring activities, toddler coloring printables, homeschool art printables, letter a - apple, coloro printables"
"Free Printable Alphabets Coloring Sheet - Letter B - Butterfly | Coloro","https://raw.githubusercontent.com/Singhak/insta_video/main/pin-002-letter-b-butterfly.png","Preschool Alphabet Activities & Printables","Download this free printable Letter B - Butterfly coloring page! Perfect for toddlers, preschoolers, and early learners. Features crisp high-contrast outlines for easy crayon coloring alongside a digital magic color preview. Print the PDF directly or color online with interactive sound effects and glitter brushes at Coloro.in. Discover our full Alphabets collection at https://coloro.in/app?category=alphabet. #kidsactivities #coloringpages #freecoloringpages #toddleractivities...","https://coloro.in/app?category=alphabet","","alphabets coloring pages, free coloring sheets, printable coloring pages for kids, preschool coloring activities, toddler coloring printables, homeschool art printables, letter b - butterfly, coloro printables"
"Free Printable Alphabets Coloring Sheet - Letter C - Cat | Coloro","https://raw.githubusercontent.com/Singhak/insta_video/main/pin-003-letter-c-cat.png","Preschool Alphabet Activities & Printables","Download this free printable Letter C - Cat coloring page! Perfect for toddlers, preschoolers, and early learners. Features crisp high-contrast outlines for easy crayon coloring alongside a digital magic color preview. Print the PDF directly or color online with interactive sound effects and glitter brushes at Coloro.in. Discover our full Alphabets collection at https://coloro.in/app?category=alphabet. #kidsactivities #coloringpages #freecoloringpages #toddleractivities #pres...","https://coloro.in/app?category=alphabet","","alphabets coloring pages, free coloring sheets, printable coloring pages for kids, preschool coloring activities, toddler coloring printables, homeschool art printables, letter c - cat, coloro printables"
"Free Printable Alphabets Coloring Sheet - Letter D - Dinosaur | Coloro","https://raw.githubusercontent.com/Singhak/insta_video/main/pin-004-letter-d-dinosaur.png","Preschool Alphabet Activities & Printables","Download this free printable Letter D - Dinosaur coloring page! Perfect for toddlers, preschoolers, and early learners. Features crisp high-contrast outlines for easy crayon coloring alongside a digital magic color preview. Print the PDF directly or color online with interactive sound effects and glitter brushes at Coloro.in. Discover our full Alphabets collection at https://coloro.in/app?category=alphabet. #kidsactivities #coloringpages #freecoloringpages #toddleractivities ...","https://coloro.in/app?category=alphabet","","alphabets coloring pages, free coloring sheets, printable coloring pages for kids, preschool coloring activities, toddler coloring printables, homeschool art printables, letter d - dinosaur, coloro printables"
"Free Printable Alphabets Coloring Sheet - Letter E - Elephant | Coloro","https://raw.githubusercontent.com/Singhak/insta_video/main/pin-005-letter-e-elephant.png","Preschool Alphabet Activities & Printables","Download this free printable Letter E - Elephant coloring page! Perfect for toddlers, preschoolers, and early learners. Features crisp high-contrast outlines for easy crayon coloring alongside a digital magic color preview. Print the PDF directly or color online with interactive sound effects and glitter brushes at Coloro.in. Discover our full Alphabets collection at https://coloro.in/app?category=alphabet. #kidsactivities #coloringpages #freecoloringpages #toddleractivities ...","https://coloro.in/app?category=alphabet","","alphabets coloring pages, free coloring sheets, printable coloring pages for kids, preschool coloring activities, toddler coloring printables, homeschool art printables, letter e - elephant, coloro printables"
"Free Printable Alphabets Coloring Sheet - Letter F - Fish | Coloro","https://raw.githubusercontent.com/Singhak/insta_video/main/pin-006-letter-f-fish.png","Preschool Alphabet Activities & Printables","Download this free printable Letter F - Fish coloring page! Perfect for toddlers, preschoolers, and early learners. Features crisp high-contrast outlines for easy crayon coloring alongside a digital magic color preview. Print the PDF directly or color online with interactive sound effects and glitter brushes at Coloro.in. Discover our full Alphabets collection at https://coloro.in/app?category=alphabet. #kidsactivities #coloringpages #freecoloringpages #toddleractivities #pre...","https://coloro.in/app?category=alphabet","","alphabets coloring pages, free coloring sheets, printable coloring pages for kids, preschool coloring activities, toddler coloring printables, homeschool art printables, letter f - fish, coloro printables"
"Free Printable Alphabets Coloring Sheet - Letter G - Giraffe | Coloro","https://raw.githubusercontent.com/Singhak/insta_video/main/pin-007-letter-g-giraffe.png","Preschool Alphabet Activities & Printables","Download this free printable Letter G - Giraffe coloring page! Perfect for toddlers, preschoolers, and early learners. Features crisp high-contrast outlines for easy crayon coloring alongside a digital magic color preview. Print the PDF directly or color online with interactive sound effects and glitter brushes at Coloro.in. Discover our full Alphabets collection at https://coloro.in/app?category=alphabet. #kidsactivities #coloringpages #freecoloringpages #toddleractivities #...","https://coloro.in/app?category=alphabet","","alphabets coloring pages, free coloring sheets, printable coloring pages for kids, preschool coloring activities, toddler coloring printables, homeschool art printables, letter g - giraffe, coloro printables"
"Free Printable Alphabets Coloring Sheet - Letter H - House | Coloro","https://raw.githubusercontent.com/Singhak/insta_video/main/pin-008-letter-h-house.png","Preschool Alphabet Activities & Printables","Download this free printable Letter H - House coloring page! Perfect for toddlers, preschoolers, and early learners. Features crisp high-contrast outlines for easy crayon coloring alongside a digital magic color preview. Print the PDF directly or color online with interactive sound effects and glitter brushes at Coloro.in. Discover our full Alphabets collection at https://coloro.in/app?category=alphabet. #kidsactivities #coloringpages #freecoloringpages #toddleractivities #pr...","https://coloro.in/app?category=alphabet","","alphabets coloring pages, free coloring sheets, printable coloring pages for kids, preschool coloring activities, toddler coloring printables, homeschool art printables, letter h - house, coloro printables"
"Free Printable Alphabets Coloring Sheet - Letter I - Ice Cream | Coloro","https://raw.githubusercontent.com/Singhak/insta_video/main/pin-009-letter-i-ice-cream.png","Preschool Alphabet Activities & Printables","Download this free printable Letter I - Ice Cream coloring page! Perfect for toddlers, preschoolers, and early learners. Features crisp high-contrast outlines for easy crayon coloring alongside a digital magic color preview. Print the PDF directly or color online with interactive sound effects and glitter brushes at Coloro.in. Discover our full Alphabets collection at https://coloro.in/app?category=alphabet. #kidsactivities #coloringpages #freecoloringpages #toddleractivities...","https://coloro.in/app?category=alphabet","","alphabets coloring pages, free coloring sheets, printable coloring pages for kids, preschool coloring activities, toddler coloring printables, homeschool art printables, letter i - ice cream, coloro printables"
"Free Printable Alphabets Coloring Sheet - Letter J - Jellyfish | Coloro","https://raw.githubusercontent.com/Singhak/insta_video/main/pin-010-letter-j-jellyfish.png","Preschool Alphabet Activities & Printables","Download this free printable Letter J - Jellyfish coloring page! Perfect for toddlers, preschoolers, and early learners. Features crisp high-contrast outlines for easy crayon coloring alongside a digital magic color preview. Print the PDF directly or color online with interactive sound effects and glitter brushes at Coloro.in. Discover our full Alphabets collection at https://coloro.in/app?category=alphabet. #kidsactivities #coloringpages #freecoloringpages #toddleractivities...","https://coloro.in/app?category=alphabet","","alphabets coloring pages, free coloring sheets, printable coloring pages for kids, preschool coloring activities, toddler coloring printables, homeschool art printables, letter j - jellyfish, coloro printables"
"Free Printable Alphabets Coloring Sheet - Letter K - Kite | Coloro","https://raw.githubusercontent.com/Singhak/insta_video/main/pin-011-letter-k-kite.png","Preschool Alphabet Activities & Printables","Download this free printable Letter K - Kite coloring page! Perfect for toddlers, preschoolers, and early learners. Features crisp high-contrast outlines for easy crayon coloring alongside a digital magic color preview. Print the PDF directly or color online with interactive sound effects and glitter brushes at Coloro.in. Discover our full Alphabets collection at https://coloro.in/app?category=alphabet. #kidsactivities #coloringpages #freecoloringpages #toddleractivities #pre...","https://coloro.in/app?category=alphabet","","alphabets coloring pages, free coloring sheets, printable coloring pages for kids, preschool coloring activities, toddler coloring printables, homeschool art printables, letter k - kite, coloro printables"
"Free Printable Alphabets Coloring Sheet - Letter L - Lion | Coloro","https://raw.githubusercontent.com/Singhak/insta_video/main/pin-012-letter-l-lion.png","Preschool Alphabet Activities & Printables","Download this free printable Letter L - Lion coloring page! Perfect for toddlers, preschoolers, and early learners. Features crisp high-contrast outlines for easy crayon coloring alongside a digital magic color preview. Print the PDF directly or color online with interactive sound effects and glitter brushes at Coloro.in. Discover our full Alphabets collection at https://coloro.in/app?category=alphabet. #kidsactivities #coloringpages #freecoloringpages #toddleractivities #pre...","https://coloro.in/app?category=alphabet","","alphabets coloring pages, free coloring sheets, printable coloring pages for kids, preschool coloring activities, toddler coloring printables, homeschool art printables, letter l - lion, coloro printables"
"Free Printable Alphabets Coloring Sheet - Letter M - Moon | Coloro","https://raw.githubusercontent.com/Singhak/insta_video/main/pin-013-letter-m-moon.png","Preschool Alphabet Activities & Printables","Download this free printable Letter M - Moon coloring page! Perfect for toddlers, preschoolers, and early learners. Features crisp high-contrast outlines for easy crayon coloring alongside a digital magic color preview. Print the PDF directly or color online with interactive sound effects and glitter brushes at Coloro.in. Discover our full Alphabets collection at https://coloro.in/app?category=alphabet. #kidsactivities #coloringpages #freecoloringpages #toddleractivities #pre...","https://coloro.in/app?category=alphabet","","alphabets coloring pages, free coloring sheets, printable coloring pages for kids, preschool coloring activities, toddler coloring printables, homeschool art printables, letter m - moon, coloro printables"
"Free Printable Alphabets Coloring Sheet - Letter N - Nest | Coloro","https://raw.githubusercontent.com/Singhak/insta_video/main/pin-014-letter-n-nest.png","Preschool Alphabet Activities & Printables","Download this free printable Letter N - Nest coloring page! Perfect for toddlers, preschoolers, and early learners. Features crisp high-contrast outlines for easy crayon coloring alongside a digital magic color preview. Print the PDF directly or color online with interactive sound effects and glitter brushes at Coloro.in. Discover our full Alphabets collection at https://coloro.in/app?category=alphabet. #kidsactivities #coloringpages #freecoloringpages #toddleractivities #pre...","https://coloro.in/app?category=alphabet","","alphabets coloring pages, free coloring sheets, printable coloring pages for kids, preschool coloring activities, toddler coloring printables, homeschool art printables, letter n - nest, coloro printables"
"Free Printable Alphabets Coloring Sheet - Letter O - Octopus | Coloro","https://raw.githubusercontent.com/Singhak/insta_video/main/pin-015-letter-o-octopus.png","Preschool Alphabet Activities & Printables","Download this free printable Letter O - Octopus coloring page! Perfect for toddlers, preschoolers, and early learners. Features crisp high-contrast outlines for easy crayon coloring alongside a digital magic color preview. Print the PDF directly or color online with interactive sound effects and glitter brushes at Coloro.in. Discover our full Alphabets collection at https://coloro.in/app?category=alphabet. #kidsactivities #coloringpages #freecoloringpages #toddleractivities #...","https://coloro.in/app?category=alphabet","","alphabets coloring pages, free coloring sheets, printable coloring pages for kids, preschool coloring activities, toddler coloring printables, homeschool art printables, letter o - octopus, coloro printables"
"Free Printable Alphabets Coloring Sheet - Letter P - Penguin | Coloro","https://raw.githubusercontent.com/Singhak/insta_video/main/pin-016-letter-p-penguin.png","Preschool Alphabet Activities & Printables","Download this free printable Letter P - Penguin coloring page! Perfect for toddlers, preschoolers, and early learners. Features crisp high-contrast outlines for easy crayon coloring alongside a digital magic color preview. Print the PDF directly or color online with interactive sound effects and glitter brushes at Coloro.in. Discover our full Alphabets collection at https://coloro.in/app?category=alphabet. #kidsactivities #coloringpages #freecoloringpages #toddleractivities #...","https://coloro.in/app?category=alphabet","","alphabets coloring pages, free coloring sheets, printable coloring pages for kids, preschool coloring activities, toddler coloring printables, homeschool art printables, letter p - penguin, coloro printables"
"Free Printable Alphabets Coloring Sheet - Letter Q - Queen Crown | Coloro","https://raw.githubusercontent.com/Singhak/insta_video/main/pin-017-letter-q-queen-crown.png","Preschool Alphabet Activities & Printables","Download this free printable Letter Q - Queen Crown coloring page! Perfect for toddlers, preschoolers, and early learners. Features crisp high-contrast outlines for easy crayon coloring alongside a digital magic color preview. Print the PDF directly or color online with interactive sound effects and glitter brushes at Coloro.in. Discover our full Alphabets collection at https://coloro.in/app?category=alphabet. #kidsactivities #coloringpages #freecoloringpages #toddleractiviti...","https://coloro.in/app?category=alphabet","","alphabets coloring pages, free coloring sheets, printable coloring pages for kids, preschool coloring activities, toddler coloring printables, homeschool art printables, letter q - queen crown, coloro printables"
"Free Printable Alphabets Coloring Sheet - Letter R - Rainbow | Coloro","https://raw.githubusercontent.com/Singhak/insta_video/main/pin-018-letter-r-rainbow.png","Preschool Alphabet Activities & Printables","Download this free printable Letter R - Rainbow coloring page! Perfect for toddlers, preschoolers, and early learners. Features crisp high-contrast outlines for easy crayon coloring alongside a digital magic color preview. Print the PDF directly or color online with interactive sound effects and glitter brushes at Coloro.in. Discover our full Alphabets collection at https://coloro.in/app?category=alphabet. #kidsactivities #coloringpages #freecoloringpages #toddleractivities #...","https://coloro.in/app?category=alphabet","","alphabets coloring pages, free coloring sheets, printable coloring pages for kids, preschool coloring activities, toddler coloring printables, homeschool art printables, letter r - rainbow, coloro printables"
"Free Printable Alphabets Coloring Sheet - Letter S - Star | Coloro","https://raw.githubusercontent.com/Singhak/insta_video/main/pin-019-letter-s-star.png","Preschool Alphabet Activities & Printables","Download this free printable Letter S - Star coloring page! Perfect for toddlers, preschoolers, and early learners. Features crisp high-contrast outlines for easy crayon coloring alongside a digital magic color preview. Print the PDF directly or color online with interactive sound effects and glitter brushes at Coloro.in. Discover our full Alphabets collection at https://coloro.in/app?category=alphabet. #kidsactivities #coloringpages #freecoloringpages #toddleractivities #pre...","https://coloro.in/app?category=alphabet","","alphabets coloring pages, free coloring sheets, printable coloring pages for kids, preschool coloring activities, toddler coloring printables, homeschool art printables, letter s - star, coloro printables"
"Free Printable Alphabets Coloring Sheet - Letter T - Tree | Coloro","https://raw.githubusercontent.com/Singhak/insta_video/main/pin-020-letter-t-tree.png","Preschool Alphabet Activities & Printables","Download this free printable Letter T - Tree coloring page! Perfect for toddlers, preschoolers, and early learners. Features crisp high-contrast outlines for easy crayon coloring alongside a digital magic color preview. Print the PDF directly or color online with interactive sound effects and glitter brushes at Coloro.in. Discover our full Alphabets collection at https://coloro.in/app?category=alphabet. #kidsactivities #coloringpages #freecoloringpages #toddleractivities #pre...","https://coloro.in/app?category=alphabet","","alphabets coloring pages, free coloring sheets, printable coloring pages for kids, preschool coloring activities, toddler coloring printables, homeschool art printables, letter t - tree, coloro printables"
"Free Printable Alphabets Coloring Sheet - Letter U - Umbrella | Coloro","https://raw.githubusercontent.com/Singhak/insta_video/main/pin-021-letter-u-umbrella.png","Preschool Alphabet Activities & Printables","Download this free printable Letter U - Umbrella coloring page! Perfect for toddlers, preschoolers, and early learners. Features crisp high-contrast outlines for easy crayon coloring alongside a digital magic color preview. Print the PDF directly or color online with interactive sound effects and glitter brushes at Coloro.in. Discover our full Alphabets collection at https://coloro.in/app?category=alphabet. #kidsactivities #coloringpages #freecoloringpages #toddleractivities ...","https://coloro.in/app?category=alphabet","","alphabets coloring pages, free coloring sheets, printable coloring pages for kids, preschool coloring activities, toddler coloring printables, homeschool art printables, letter u - umbrella, coloro printables"
"Free Printable Alphabets Coloring Sheet - Letter V - Volcano | Coloro","https://raw.githubusercontent.com/Singhak/insta_video/main/pin-022-letter-v-volcano.png","Preschool Alphabet Activities & Printables","Download this free printable Letter V - Volcano coloring page! Perfect for toddlers, preschoolers, and early learners. Features crisp high-contrast outlines for easy crayon coloring alongside a digital magic color preview. Print the PDF directly or color online with interactive sound effects and glitter brushes at Coloro.in. Discover our full Alphabets collection at https://coloro.in/app?category=alphabet. #kidsactivities #coloringpages #freecoloringpages #toddleractivities #...","https://coloro.in/app?category=alphabet","","alphabets coloring pages, free coloring sheets, printable coloring pages for kids, preschool coloring activities, toddler coloring printables, homeschool art printables, letter v - volcano, coloro printables"
"Free Printable Alphabets Coloring Sheet - Letter W - Whale | Coloro","https://raw.githubusercontent.com/Singhak/insta_video/main/pin-023-letter-w-whale.png","Preschool Alphabet Activities & Printables","Download this free printable Letter W - Whale coloring page! Perfect for toddlers, preschoolers, and early learners. Features crisp high-contrast outlines for easy crayon coloring alongside a digital magic color preview. Print the PDF directly or color online with interactive sound effects and glitter brushes at Coloro.in. Discover our full Alphabets collection at https://coloro.in/app?category=alphabet. #kidsactivities #coloringpages #freecoloringpages #toddleractivities #pr...","https://coloro.in/app?category=alphabet","","alphabets coloring pages, free coloring sheets, printable coloring pages for kids, preschool coloring activities, toddler coloring printables, homeschool art printables, letter w - whale, coloro printables"
"Free Printable Alphabets Coloring Sheet - Letter X - Xylophone | Coloro","https://raw.githubusercontent.com/Singhak/insta_video/main/pin-024-letter-x-xylophone.png","Preschool Alphabet Activities & Printables","Download this free printable Letter X - Xylophone coloring page! Perfect for toddlers, preschoolers, and early learners. Features crisp high-contrast outlines for easy crayon coloring alongside a digital magic color preview. Print the PDF directly or color online with interactive sound effects and glitter brushes at Coloro.in. Discover our full Alphabets collection at https://coloro.in/app?category=alphabet. #kidsactivities #coloringpages #freecoloringpages #toddleractivities...","https://coloro.in/app?category=alphabet","","alphabets coloring pages, free coloring sheets, printable coloring pages for kids, preschool coloring activities, toddler coloring printables, homeschool art printables, letter x - xylophone, coloro printables"
"Free Printable Alphabets Coloring Sheet - Letter Y - Yacht | Coloro","https://raw.githubusercontent.com/Singhak/insta_video/main/pin-025-letter-y-yacht.png","Preschool Alphabet Activities & Printables","Download this free printable Letter Y - Yacht coloring page! Perfect for toddlers, preschoolers, and early learners. Features crisp high-contrast outlines for easy crayon coloring alongside a digital magic color preview. Print the PDF directly or color online with interactive sound effects and glitter brushes at Coloro.in. Discover our full Alphabets collection at https://coloro.in/app?category=alphabet. #kidsactivities #coloringpages #freecoloringpages #toddleractivities #pr...","https://coloro.in/app?category=alphabet","","alphabets coloring pages, free coloring sheets, printable coloring pages for kids, preschool coloring activities, toddler coloring printables, homeschool art printables, letter y - yacht, coloro printables"
"Free Printable Alphabets Coloring Sheet - Letter Z - Zebra | Coloro","https://raw.githubusercontent.com/Singhak/insta_video/main/pin-026-letter-z-zebra.png","Preschool Alphabet Activities & Printables","Download this free printable Letter Z - Zebra coloring page! Perfect for toddlers, preschoolers, and early learners. Features crisp high-contrast outlines for easy crayon coloring alongside a digital magic color preview. Print the PDF directly or color online with interactive sound effects and glitter brushes at Coloro.in. Discover our full Alphabets collection at https://coloro.in/app?category=alphabet. #kidsactivities #coloringpages #freecoloringpages #toddleractivities #pr...","https://coloro.in/app?category=alphabet","","alphabets coloring pages, free coloring sheets, printable coloring pages for kids, preschool coloring activities, toddler coloring printables, homeschool art printables, letter z - zebra, coloro printables"
"Free Printable Numbers Coloring Sheet - Number 1 - One Sun | Coloro","https://raw.githubusercontent.com/Singhak/insta_video/main/pin-027-number-1-one-sun.png","Preschool Math & Number Coloring Sheets","Download this free printable Number 1 - One Sun coloring page! Perfect for toddlers, preschoolers, and early learners. Features crisp high-contrast outlines for easy crayon coloring alongside a digital magic color preview. Print the PDF directly or color online with interactive sound effects and glitter brushes at Coloro.in. Discover our full Numbers collection at https://coloro.in/app?category=numbers. #kidsactivities #coloringpages #freecoloringpages #toddleractivities #pre...","https://coloro.in/app?category=numbers","","numbers coloring pages, free coloring sheets, printable coloring pages for kids, preschool coloring activities, toddler coloring printables, homeschool art printables, number 1 - one sun, coloro printables"
"Free Printable Numbers Coloring Sheet - Number 2 - Two Ducks | Coloro","https://raw.githubusercontent.com/Singhak/insta_video/main/pin-028-number-2-two-ducks.png","Preschool Math & Number Coloring Sheets","Download this free printable Number 2 - Two Ducks coloring page! Perfect for toddlers, preschoolers, and early learners. Features crisp high-contrast outlines for easy crayon coloring alongside a digital magic color preview. Print the PDF directly or color online with interactive sound effects and glitter brushes at Coloro.in. Discover our full Numbers collection at https://coloro.in/app?category=numbers. #kidsactivities #coloringpages #freecoloringpages #toddleractivities #p...","https://coloro.in/app?category=numbers","","numbers coloring pages, free coloring sheets, printable coloring pages for kids, preschool coloring activities, toddler coloring printables, homeschool art printables, number 2 - two ducks, coloro printables"
"Free Printable Numbers Coloring Sheet - Number 3 - Three Balloons | Coloro","https://raw.githubusercontent.com/Singhak/insta_video/main/pin-029-number-3-three-balloons.png","Preschool Math & Number Coloring Sheets","Download this free printable Number 3 - Three Balloons coloring page! Perfect for toddlers, preschoolers, and early learners. Features crisp high-contrast outlines for easy crayon coloring alongside a digital magic color preview. Print the PDF directly or color online with interactive sound effects and glitter brushes at Coloro.in. Discover our full Numbers collection at https://coloro.in/app?category=numbers. #kidsactivities #coloringpages #freecoloringpages #toddleractiviti...","https://coloro.in/app?category=numbers","","numbers coloring pages, free coloring sheets, printable coloring pages for kids, preschool coloring activities, toddler coloring printables, homeschool art printables, number 3 - three balloons, coloro printables"
"Free Printable Numbers Coloring Sheet - Number 4 - Four Stars | Coloro","https://raw.githubusercontent.com/Singhak/insta_video/main/pin-030-number-4-four-stars.png","Preschool Math & Number Coloring Sheets","Download this free printable Number 4 - Four Stars coloring page! Perfect for toddlers, preschoolers, and early learners. Features crisp high-contrast outlines for easy crayon coloring alongside a digital magic color preview. Print the PDF directly or color online with interactive sound effects and glitter brushes at Coloro.in. Discover our full Numbers collection at https://coloro.in/app?category=numbers. #kidsactivities #coloringpages #freecoloringpages #toddleractivities #...","https://coloro.in/app?category=numbers","","numbers coloring pages, free coloring sheets, printable coloring pages for kids, preschool coloring activities, toddler coloring printables, homeschool art printables, number 4 - four stars, coloro printables"
"Free Printable Numbers Coloring Sheet - Number 5 - Five Apples | Coloro","https://raw.githubusercontent.com/Singhak/insta_video/main/pin-031-number-5-five-apples.png","Preschool Math & Number Coloring Sheets","Download this free printable Number 5 - Five Apples coloring page! Perfect for toddlers, preschoolers, and early learners. Features crisp high-contrast outlines for easy crayon coloring alongside a digital magic color preview. Print the PDF directly or color online with interactive sound effects and glitter brushes at Coloro.in. Discover our full Numbers collection at https://coloro.in/app?category=numbers. #kidsactivities #coloringpages #freecoloringpages #toddleractivities ...","https://coloro.in/app?category=numbers","","numbers coloring pages, free coloring sheets, printable coloring pages for kids, preschool coloring activities, toddler coloring printables, homeschool art printables, number 5 - five apples, coloro printables"
"Free Printable Numbers Coloring Sheet - Number 6 - Six Flowers | Coloro","https://raw.githubusercontent.com/Singhak/insta_video/main/pin-032-number-6-six-flowers.png","Preschool Math & Number Coloring Sheets","Download this free printable Number 6 - Six Flowers coloring page! Perfect for toddlers, preschoolers, and early learners. Features crisp high-contrast outlines for easy crayon coloring alongside a digital magic color preview. Print the PDF directly or color online with interactive sound effects and glitter brushes at Coloro.in. Discover our full Numbers collection at https://coloro.in/app?category=numbers. #kidsactivities #coloringpages #freecoloringpages #toddleractivities ...","https://coloro.in/app?category=numbers","","numbers coloring pages, free coloring sheets, printable coloring pages for kids, preschool coloring activities, toddler coloring printables, homeschool art printables, number 6 - six flowers, coloro printables"
"Free Printable Numbers Coloring Sheet - Number 7 - Seven Candies | Coloro","https://raw.githubusercontent.com/Singhak/insta_video/main/pin-033-number-7-seven-candies.png","Preschool Math & Number Coloring Sheets","Download this free printable Number 7 - Seven Candies coloring page! Perfect for toddlers, preschoolers, and early learners. Features crisp high-contrast outlines for easy crayon coloring alongside a digital magic color preview. Print the PDF directly or color online with interactive sound effects and glitter brushes at Coloro.in. Discover our full Numbers collection at https://coloro.in/app?category=numbers. #kidsactivities #coloringpages #freecoloringpages #toddleractivitie...","https://coloro.in/app?category=numbers","","numbers coloring pages, free coloring sheets, printable coloring pages for kids, preschool coloring activities, toddler coloring printables, homeschool art printables, number 7 - seven candies, coloro printables"
"Free Printable Numbers Coloring Sheet - Number 8 - Eight Cherries | Coloro","https://raw.githubusercontent.com/Singhak/insta_video/main/pin-034-number-8-eight-cherries.png","Preschool Math & Number Coloring Sheets","Download this free printable Number 8 - Eight Cherries coloring page! Perfect for toddlers, preschoolers, and early learners. Features crisp high-contrast outlines for easy crayon coloring alongside a digital magic color preview. Print the PDF directly or color online with interactive sound effects and glitter brushes at Coloro.in. Discover our full Numbers collection at https://coloro.in/app?category=numbers. #kidsactivities #coloringpages #freecoloringpages #toddleractiviti...","https://coloro.in/app?category=numbers","","numbers coloring pages, free coloring sheets, printable coloring pages for kids, preschool coloring activities, toddler coloring printables, homeschool art printables, number 8 - eight cherries, coloro printables"
"Free Printable Numbers Coloring Sheet - Number 9 - Nine Leaves | Coloro","https://raw.githubusercontent.com/Singhak/insta_video/main/pin-035-number-9-nine-leaves.png","Preschool Math & Number Coloring Sheets","Download this free printable Number 9 - Nine Leaves coloring page! Perfect for toddlers, preschoolers, and early learners. Features crisp high-contrast outlines for easy crayon coloring alongside a digital magic color preview. Print the PDF directly or color online with interactive sound effects and glitter brushes at Coloro.in. Discover our full Numbers collection at https://coloro.in/app?category=numbers. #kidsactivities #coloringpages #freecoloringpages #toddleractivities ...","https://coloro.in/app?category=numbers","","numbers coloring pages, free coloring sheets, printable coloring pages for kids, preschool coloring activities, toddler coloring printables, homeschool art printables, number 9 - nine leaves, coloro printables"
"Free Printable Numbers Coloring Sheet - Number 10 - Ten Rainbow Drops | Coloro","https://raw.githubusercontent.com/Singhak/insta_video/main/pin-036-number-10-ten-rainbow-drops.png","Preschool Math & Number Coloring Sheets","Download this free printable Number 10 - Ten Rainbow Drops coloring page! Perfect for toddlers, preschoolers, and early learners. Features crisp high-contrast outlines for easy crayon coloring alongside a digital magic color preview. Print the PDF directly or color online with interactive sound effects and glitter brushes at Coloro.in. Discover our full Numbers collection at https://coloro.in/app?category=numbers. #kidsactivities #coloringpages #freecoloringpages #toddleracti...","https://coloro.in/app?category=numbers","","numbers coloring pages, free coloring sheets, printable coloring pages for kids, preschool coloring activities, toddler coloring printables, homeschool art printables, number 10 - ten rainbow drops, coloro printables"
"Free Printable Fruits Coloring Sheet - Juicy Watermelon | Coloro","https://raw.githubusercontent.com/Singhak/insta_video/main/pin-037-juicy-watermelon.png","Healthy Fruits Coloring Pages for Kids","Download this free printable Juicy Watermelon coloring page! Perfect for toddlers, preschoolers, and early learners. Features crisp high-contrast outlines for easy crayon coloring alongside a digital magic color preview. Print the PDF directly or color online with interactive sound effects and glitter brushes at Coloro.in. Discover our full Fruits collection at https://coloro.in/app?category=fruits. #kidsactivities #coloringpages #freecoloringpages #toddleractivities #prescho...","https://coloro.in/app?category=fruits","","fruits coloring pages, free coloring sheets, printable coloring pages for kids, preschool coloring activities, toddler coloring printables, homeschool art printables, juicy watermelon, coloro printables"
"Free Printable Fruits Coloring Sheet - Sweet Strawberry | Coloro","https://raw.githubusercontent.com/Singhak/insta_video/main/pin-038-sweet-strawberry.png","Healthy Fruits Coloring Pages for Kids","Download this free printable Sweet Strawberry coloring page! Perfect for toddlers, preschoolers, and early learners. Features crisp high-contrast outlines for easy crayon coloring alongside a digital magic color preview. Print the PDF directly or color online with interactive sound effects and glitter brushes at Coloro.in. Discover our full Fruits collection at https://coloro.in/app?category=fruits. #kidsactivities #coloringpages #freecoloringpages #toddleractivities #prescho...","https://coloro.in/app?category=fruits","","fruits coloring pages, free coloring sheets, printable coloring pages for kids, preschool coloring activities, toddler coloring printables, homeschool art printables, sweet strawberry, coloro printables"
"Free Printable Fruits Coloring Sheet - Sunny Banana | Coloro","https://raw.githubusercontent.com/Singhak/insta_video/main/pin-039-sunny-banana.png","Healthy Fruits Coloring Pages for Kids","Download this free printable Sunny Banana coloring page! Perfect for toddlers, preschoolers, and early learners. Features crisp high-contrast outlines for easy crayon coloring alongside a digital magic color preview. Print the PDF directly or color online with interactive sound effects and glitter brushes at Coloro.in. Discover our full Fruits collection at https://coloro.in/app?category=fruits. #kidsactivities #coloringpages #freecoloringpages #toddleractivities #preschoolpr...","https://coloro.in/app?category=fruits","","fruits coloring pages, free coloring sheets, printable coloring pages for kids, preschool coloring activities, toddler coloring printables, homeschool art printables, sunny banana, coloro printables"
"Free Printable Fruits Coloring Sheet - Crisp Red Apple | Coloro","https://raw.githubusercontent.com/Singhak/insta_video/main/pin-040-crisp-red-apple.png","Healthy Fruits Coloring Pages for Kids","Download this free printable Crisp Red Apple coloring page! Perfect for toddlers, preschoolers, and early learners. Features crisp high-contrast outlines for easy crayon coloring alongside a digital magic color preview. Print the PDF directly or color online with interactive sound effects and glitter brushes at Coloro.in. Discover our full Fruits collection at https://coloro.in/app?category=fruits. #kidsactivities #coloringpages #freecoloringpages #toddleractivities #preschoo...","https://coloro.in/app?category=fruits","","fruits coloring pages, free coloring sheets, printable coloring pages for kids, preschool coloring activities, toddler coloring printables, homeschool art printables, crisp red apple, coloro printables"
"Free Printable Fruits Coloring Sheet - Sweet Purple Grapes | Coloro","https://raw.githubusercontent.com/Singhak/insta_video/main/pin-041-sweet-purple-grapes.png","Healthy Fruits Coloring Pages for Kids","Download this free printable Sweet Purple Grapes coloring page! Perfect for toddlers, preschoolers, and early learners. Features crisp high-contrast outlines for easy crayon coloring alongside a digital magic color preview. Print the PDF directly or color online with interactive sound effects and glitter brushes at Coloro.in. Discover our full Fruits collection at https://coloro.in/app?category=fruits. #kidsactivities #coloringpages #freecoloringpages #toddleractivities #pres...","https://coloro.in/app?category=fruits","","fruits coloring pages, free coloring sheets, printable coloring pages for kids, preschool coloring activities, toddler coloring printables, homeschool art printables, sweet purple grapes, coloro printables"
"Free Printable Fruits Coloring Sheet - Tropical Pineapple | Coloro","https://raw.githubusercontent.com/Singhak/insta_video/main/pin-042-tropical-pineapple.png","Healthy Fruits Coloring Pages for Kids","Download this free printable Tropical Pineapple coloring page! Perfect for toddlers, preschoolers, and early learners. Features crisp high-contrast outlines for easy crayon coloring alongside a digital magic color preview. Print the PDF directly or color online with interactive sound effects and glitter brushes at Coloro.in. Discover our full Fruits collection at https://coloro.in/app?category=fruits. #kidsactivities #coloringpages #freecoloringpages #toddleractivities #presc...","https://coloro.in/app?category=fruits","","fruits coloring pages, free coloring sheets, printable coloring pages for kids, preschool coloring activities, toddler coloring printables, homeschool art printables, tropical pineapple, coloro printables"
"Free Printable Fruits Coloring Sheet - Golden Sweet Mango | Coloro","https://raw.githubusercontent.com/Singhak/insta_video/main/pin-043-golden-sweet-mango.png","Healthy Fruits Coloring Pages for Kids","Download this free printable Golden Sweet Mango coloring page! Perfect for toddlers, preschoolers, and early learners. Features crisp high-contrast outlines for easy crayon coloring alongside a digital magic color preview. Print the PDF directly or color online with interactive sound effects and glitter brushes at Coloro.in. Discover our full Fruits collection at https://coloro.in/app?category=fruits. #kidsactivities #coloringpages #freecoloringpages #toddleractivities #presc...","https://coloro.in/app?category=fruits","","fruits coloring pages, free coloring sheets, printable coloring pages for kids, preschool coloring activities, toddler coloring printables, homeschool art printables, golden sweet mango, coloro printables"
"Free Printable Fruits Coloring Sheet - Twin Red Cherries | Coloro","https://raw.githubusercontent.com/Singhak/insta_video/main/pin-044-twin-red-cherries.png","Healthy Fruits Coloring Pages for Kids","Download this free printable Twin Red Cherries coloring page! Perfect for toddlers, preschoolers, and early learners. Features crisp high-contrast outlines for easy crayon coloring alongside a digital magic color preview. Print the PDF directly or color online with interactive sound effects and glitter brushes at Coloro.in. Discover our full Fruits collection at https://coloro.in/app?category=fruits. #kidsactivities #coloringpages #freecoloringpages #toddleractivities #presch...","https://coloro.in/app?category=fruits","","fruits coloring pages, free coloring sheets, printable coloring pages for kids, preschool coloring activities, toddler coloring printables, homeschool art printables, twin red cherries, coloro printables"
"Free Printable Fruits Coloring Sheet - Sunny Orange & Slice | Coloro","https://raw.githubusercontent.com/Singhak/insta_video/main/pin-045-sunny-orange-slice.png","Healthy Fruits Coloring Pages for Kids","Download this free printable Sunny Orange & Slice coloring page! Perfect for toddlers, preschoolers, and early learners. Features crisp high-contrast outlines for easy crayon coloring alongside a digital magic color preview. Print the PDF directly or color online with interactive sound effects and glitter brushes at Coloro.in. Discover our full Fruits collection at https://coloro.in/app?category=fruits. #kidsactivities #coloringpages #freecoloringpages #toddleractivities #pre...","https://coloro.in/app?category=fruits","","fruits coloring pages, free coloring sheets, printable coloring pages for kids, preschool coloring activities, toddler coloring printables, homeschool art printables, sunny orange & slice, coloro printables"
"Free Printable Fruits Coloring Sheet - Juicy Fuzzy Peach | Coloro","https://raw.githubusercontent.com/Singhak/insta_video/main/pin-046-juicy-fuzzy-peach.png","Healthy Fruits Coloring Pages for Kids","Download this free printable Juicy Fuzzy Peach coloring page! Perfect for toddlers, preschoolers, and early learners. Features crisp high-contrast outlines for easy crayon coloring alongside a digital magic color preview. Print the PDF directly or color online with interactive sound effects and glitter brushes at Coloro.in. Discover our full Fruits collection at https://coloro.in/app?category=fruits. #kidsactivities #coloringpages #freecoloringpages #toddleractivities #presch...","https://coloro.in/app?category=fruits","","fruits coloring pages, free coloring sheets, printable coloring pages for kids, preschool coloring activities, toddler coloring printables, homeschool art printables, juicy fuzzy peach, coloro printables"
"Free Printable Fruits Coloring Sheet - Creamy Avocado | Coloro","https://raw.githubusercontent.com/Singhak/insta_video/main/pin-047-creamy-avocado.png","Healthy Fruits Coloring Pages for Kids","Download this free printable Creamy Avocado coloring page! Perfect for toddlers, preschoolers, and early learners. Features crisp high-contrast outlines for easy crayon coloring alongside a digital magic color preview. Print the PDF directly or color online with interactive sound effects and glitter brushes at Coloro.in. Discover our full Fruits collection at https://coloro.in/app?category=fruits. #kidsactivities #coloringpages #freecoloringpages #toddleractivities #preschool...","https://coloro.in/app?category=fruits","","fruits coloring pages, free coloring sheets, printable coloring pages for kids, preschool coloring activities, toddler coloring printables, homeschool art printables, creamy avocado, coloro printables"
"Free Printable Vegetables Coloring Sheet - Crunchy Carrot | Coloro","https://raw.githubusercontent.com/Singhak/insta_video/main/pin-048-crunchy-carrot.png","Fun Veggie Coloring Pages for Kids","Download this free printable Crunchy Carrot coloring page! Perfect for toddlers, preschoolers, and early learners. Features crisp high-contrast outlines for easy crayon coloring alongside a digital magic color preview. Print the PDF directly or color online with interactive sound effects and glitter brushes at Coloro.in. Discover our full Vegetables collection at https://coloro.in/app?category=vegetables. #kidsactivities #coloringpages #freecoloringpages #toddleractivities #p...","https://coloro.in/app?category=vegetables","","vegetables coloring pages, free coloring sheets, printable coloring pages for kids, preschool coloring activities, toddler coloring printables, homeschool art printables, crunchy carrot, coloro printables"
"Free Printable Vegetables Coloring Sheet - Magic Pumpkin | Coloro","https://raw.githubusercontent.com/Singhak/insta_video/main/pin-049-magic-pumpkin.png","Fun Veggie Coloring Pages for Kids","Download this free printable Magic Pumpkin coloring page! Perfect for toddlers, preschoolers, and early learners. Features crisp high-contrast outlines for easy crayon coloring alongside a digital magic color preview. Print the PDF directly or color online with interactive sound effects and glitter brushes at Coloro.in. Discover our full Vegetables collection at https://coloro.in/app?category=vegetables. #kidsactivities #coloringpages #freecoloringpages #toddleractivities #pr...","https://coloro.in/app?category=vegetables","","vegetables coloring pages, free coloring sheets, printable coloring pages for kids, preschool coloring activities, toddler coloring printables, homeschool art printables, magic pumpkin, coloro printables"
"Free Printable Vegetables Coloring Sheet - Juicy Tomato | Coloro","https://raw.githubusercontent.com/Singhak/insta_video/main/pin-050-juicy-tomato.png","Fun Veggie Coloring Pages for Kids","Download this free printable Juicy Tomato coloring page! Perfect for toddlers, preschoolers, and early learners. Features crisp high-contrast outlines for easy crayon coloring alongside a digital magic color preview. Print the PDF directly or color online with interactive sound effects and glitter brushes at Coloro.in. Discover our full Vegetables collection at https://coloro.in/app?category=vegetables. #kidsactivities #coloringpages #freecoloringpages #toddleractivities #pre...","https://coloro.in/app?category=vegetables","","vegetables coloring pages, free coloring sheets, printable coloring pages for kids, preschool coloring activities, toddler coloring printables, homeschool art printables, juicy tomato, coloro printables"
"Free Printable Vegetables Coloring Sheet - Sweet Corn on the Cob | Coloro","https://raw.githubusercontent.com/Singhak/insta_video/main/pin-051-sweet-corn-on-the-cob.png","Fun Veggie Coloring Pages for Kids","Download this free printable Sweet Corn on the Cob coloring page! Perfect for toddlers, preschoolers, and early learners. Features crisp high-contrast outlines for easy crayon coloring alongside a digital magic color preview. Print the PDF directly or color online with interactive sound effects and glitter brushes at Coloro.in. Discover our full Vegetables collection at https://coloro.in/app?category=vegetables. #kidsactivities #coloringpages #freecoloringpages #toddleractivi...","https://coloro.in/app?category=vegetables","","vegetables coloring pages, free coloring sheets, printable coloring pages for kids, preschool coloring activities, toddler coloring printables, homeschool art printables, sweet corn on the cob, coloro printables"
"Free Printable Vegetables Coloring Sheet - Happy Broccoli Floret | Coloro","https://raw.githubusercontent.com/Singhak/insta_video/main/pin-052-happy-broccoli-floret.png","Fun Veggie Coloring Pages for Kids","Download this free printable Happy Broccoli Floret coloring page! Perfect for toddlers, preschoolers, and early learners. Features crisp high-contrast outlines for easy crayon coloring alongside a digital magic color preview. Print the PDF directly or color online with interactive sound effects and glitter brushes at Coloro.in. Discover our full Vegetables collection at https://coloro.in/app?category=vegetables. #kidsactivities #coloringpages #freecoloringpages #toddleractivi...","https://coloro.in/app?category=vegetables","","vegetables coloring pages, free coloring sheets, printable coloring pages for kids, preschool coloring activities, toddler coloring printables, homeschool art printables, happy broccoli floret, coloro printables"
"Free Printable Vegetables Coloring Sheet - Glossy Purple Eggplant | Coloro","https://raw.githubusercontent.com/Singhak/insta_video/main/pin-053-glossy-purple-eggplant.png","Fun Veggie Coloring Pages for Kids","Download this free printable Glossy Purple Eggplant coloring page! Perfect for toddlers, preschoolers, and early learners. Features crisp high-contrast outlines for easy crayon coloring alongside a digital magic color preview. Print the PDF directly or color online with interactive sound effects and glitter brushes at Coloro.in. Discover our full Vegetables collection at https://coloro.in/app?category=vegetables. #kidsactivities #coloringpages #freecoloringpages #toddleractiv...","https://coloro.in/app?category=vegetables","","vegetables coloring pages, free coloring sheets, printable coloring pages for kids, preschool coloring activities, toddler coloring printables, homeschool art printables, glossy purple eggplant, coloro printables"
"Free Printable Vegetables Coloring Sheet - Sweet Green Peas in Pod | Coloro","https://raw.githubusercontent.com/Singhak/insta_video/main/pin-054-sweet-green-peas-in-pod.png","Fun Veggie Coloring Pages for Kids","Download this free printable Sweet Green Peas in Pod coloring page! Perfect for toddlers, preschoolers, and early learners. Features crisp high-contrast outlines for easy crayon coloring alongside a digital magic color preview. Print the PDF directly or color online with interactive sound effects and glitter brushes at Coloro.in. Discover our full Vegetables collection at https://coloro.in/app?category=vegetables. #kidsactivities #coloringpages #freecoloringpages #toddleracti...","https://coloro.in/app?category=vegetables","","vegetables coloring pages, free coloring sheets, printable coloring pages for kids, preschool coloring activities, toddler coloring printables, homeschool art printables, sweet green peas in pod, coloro printables"
"Free Printable Vegetables Coloring Sheet - Crisp Bell Pepper | Coloro","https://raw.githubusercontent.com/Singhak/insta_video/main/pin-055-crisp-bell-pepper.png","Fun Veggie Coloring Pages for Kids","Download this free printable Crisp Bell Pepper coloring page! Perfect for toddlers, preschoolers, and early learners. Features crisp high-contrast outlines for easy crayon coloring alongside a digital magic color preview. Print the PDF directly or color online with interactive sound effects and glitter brushes at Coloro.in. Discover our full Vegetables collection at https://coloro.in/app?category=vegetables. #kidsactivities #coloringpages #freecoloringpages #toddleractivities...","https://coloro.in/app?category=vegetables","","vegetables coloring pages, free coloring sheets, printable coloring pages for kids, preschool coloring activities, toddler coloring printables, homeschool art printables, crisp bell pepper, coloro printables"
"Free Printable Vegetables Coloring Sheet - Polka Dot Forest Mushroom | Coloro","https://raw.githubusercontent.com/Singhak/insta_video/main/pin-056-polka-dot-forest-mushroom.png","Fun Veggie Coloring Pages for Kids","Download this free printable Polka Dot Forest Mushroom coloring page! Perfect for toddlers, preschoolers, and early learners. Features crisp high-contrast outlines for easy crayon coloring alongside a digital magic color preview. Print the PDF directly or color online with interactive sound effects and glitter brushes at Coloro.in. Discover our full Vegetables collection at https://coloro.in/app?category=vegetables. #kidsactivities #coloringpages #freecoloringpages #toddlerac...","https://coloro.in/app?category=vegetables","","vegetables coloring pages, free coloring sheets, printable coloring pages for kids, preschool coloring activities, toddler coloring printables, homeschool art printables, polka dot forest mushroom, coloro printables"
"Free Printable Vegetables Coloring Sheet - Crunchy Garden Radish | Coloro","https://raw.githubusercontent.com/Singhak/insta_video/main/pin-057-crunchy-garden-radish.png","Fun Veggie Coloring Pages for Kids","Download this free printable Crunchy Garden Radish coloring page! Perfect for toddlers, preschoolers, and early learners. Features crisp high-contrast outlines for easy crayon coloring alongside a digital magic color preview. Print the PDF directly or color online with interactive sound effects and glitter brushes at Coloro.in. Discover our full Vegetables collection at https://coloro.in/app?category=vegetables. #kidsactivities #coloringpages #freecoloringpages #toddleractivi...","https://coloro.in/app?category=vegetables","","vegetables coloring pages, free coloring sheets, printable coloring pages for kids, preschool coloring activities, toddler coloring printables, homeschool art printables, crunchy garden radish, coloro printables"
"Free Printable Vegetables Coloring Sheet - Golden Spud Potato | Coloro","https://raw.githubusercontent.com/Singhak/insta_video/main/pin-058-golden-spud-potato.png","Fun Veggie Coloring Pages for Kids","Download this free printable Golden Spud Potato coloring page! Perfect for toddlers, preschoolers, and early learners. Features crisp high-contrast outlines for easy crayon coloring alongside a digital magic color preview. Print the PDF directly or color online with interactive sound effects and glitter brushes at Coloro.in. Discover our full Vegetables collection at https://coloro.in/app?category=vegetables. #kidsactivities #coloringpages #freecoloringpages #toddleractivitie...","https://coloro.in/app?category=vegetables","","vegetables coloring pages, free coloring sheets, printable coloring pages for kids, preschool coloring activities, toddler coloring printables, homeschool art printables, golden spud potato, coloro printables"
"Free Printable Animals Coloring Sheet - Happy Baby Panda | Coloro","https://raw.githubusercontent.com/Singhak/insta_video/main/pin-059-happy-baby-panda.png","Kids Coloring Pages - Animals & Pets","Download this free printable Happy Baby Panda coloring page! Perfect for toddlers, preschoolers, and early learners. Features crisp high-contrast outlines for easy crayon coloring alongside a digital magic color preview. Print the PDF directly or color online with interactive sound effects and glitter brushes at Coloro.in. Discover our full Animals collection at https://coloro.in/app?category=animals. #kidsactivities #coloringpages #freecoloringpages #toddleractivities #presc...","https://coloro.in/app?category=animals","","animals coloring pages, free coloring sheets, printable coloring pages for kids, preschool coloring activities, toddler coloring printables, homeschool art printables, happy baby panda, coloro printables"
"Free Printable Animals Coloring Sheet - Playful Giraffe | Coloro","https://raw.githubusercontent.com/Singhak/insta_video/main/pin-060-playful-giraffe.png","Kids Coloring Pages - Animals & Pets","Download this free printable Playful Giraffe coloring page! Perfect for toddlers, preschoolers, and early learners. Features crisp high-contrast outlines for easy crayon coloring alongside a digital magic color preview. Print the PDF directly or color online with interactive sound effects and glitter brushes at Coloro.in. Discover our full Animals collection at https://coloro.in/app?category=animals. #kidsactivities #coloringpages #freecoloringpages #toddleractivities #presch...","https://coloro.in/app?category=animals","","animals coloring pages, free coloring sheets, printable coloring pages for kids, preschool coloring activities, toddler coloring printables, homeschool art printables, playful giraffe, coloro printables"
"Free Printable Animals Coloring Sheet - Fluffy Bunny Rabbit | Coloro","https://raw.githubusercontent.com/Singhak/insta_video/main/pin-061-fluffy-bunny-rabbit.png","Kids Coloring Pages - Animals & Pets","Download this free printable Fluffy Bunny Rabbit coloring page! Perfect for toddlers, preschoolers, and early learners. Features crisp high-contrast outlines for easy crayon coloring alongside a digital magic color preview. Print the PDF directly or color online with interactive sound effects and glitter brushes at Coloro.in. Discover our full Animals collection at https://coloro.in/app?category=animals. #kidsactivities #coloringpages #freecoloringpages #toddleractivities #pr...","https://coloro.in/app?category=animals","","animals coloring pages, free coloring sheets, printable coloring pages for kids, preschool coloring activities, toddler coloring printables, homeschool art printables, fluffy bunny rabbit, coloro printables"
"Free Printable Animals Coloring Sheet - Sleepy Little Koala | Coloro","https://raw.githubusercontent.com/Singhak/insta_video/main/pin-062-sleepy-little-koala.png","Kids Coloring Pages - Animals & Pets","Download this free printable Sleepy Little Koala coloring page! Perfect for toddlers, preschoolers, and early learners. Features crisp high-contrast outlines for easy crayon coloring alongside a digital magic color preview. Print the PDF directly or color online with interactive sound effects and glitter brushes at Coloro.in. Discover our full Animals collection at https://coloro.in/app?category=animals. #kidsactivities #coloringpages #freecoloringpages #toddleractivities #pr...","https://coloro.in/app?category=animals","","animals coloring pages, free coloring sheets, printable coloring pages for kids, preschool coloring activities, toddler coloring printables, homeschool art printables, sleepy little koala, coloro printables"
"Free Printable Animals Coloring Sheet - Royal Crowned Peacock | Coloro","https://raw.githubusercontent.com/Singhak/insta_video/main/pin-063-royal-crowned-peacock.png","Kids Coloring Pages - Animals & Pets","Download this free printable Royal Crowned Peacock coloring page! Perfect for toddlers, preschoolers, and early learners. Features crisp high-contrast outlines for easy crayon coloring alongside a digital magic color preview. Print the PDF directly or color online with interactive sound effects and glitter brushes at Coloro.in. Discover our full Animals collection at https://coloro.in/app?category=animals. #kidsactivities #coloringpages #freecoloringpages #toddleractivities #...","https://coloro.in/app?category=animals","","animals coloring pages, free coloring sheets, printable coloring pages for kids, preschool coloring activities, toddler coloring printables, homeschool art printables, royal crowned peacock, coloro printables"
"Free Printable Animals Coloring Sheet - Ocean Dolphin Splash | Coloro","https://raw.githubusercontent.com/Singhak/insta_video/main/pin-064-ocean-dolphin-splash.png","Kids Coloring Pages - Animals & Pets","Download this free printable Ocean Dolphin Splash coloring page! Perfect for toddlers, preschoolers, and early learners. Features crisp high-contrast outlines for easy crayon coloring alongside a digital magic color preview. Print the PDF directly or color online with interactive sound effects and glitter brushes at Coloro.in. Discover our full Animals collection at https://coloro.in/app?category=animals. #kidsactivities #coloringpages #freecoloringpages #toddleractivities #p...","https://coloro.in/app?category=animals","","animals coloring pages, free coloring sheets, printable coloring pages for kids, preschool coloring activities, toddler coloring printables, homeschool art printables, ocean dolphin splash, coloro printables"
"Free Printable Objects Coloring Sheet - Cuddly Teddy Bear | Coloro","https://raw.githubusercontent.com/Singhak/insta_video/main/pin-065-cuddly-teddy-bear.png","Toys & Everyday Objects Coloring Sheets","Download this free printable Cuddly Teddy Bear coloring page! Perfect for toddlers, preschoolers, and early learners. Features crisp high-contrast outlines for easy crayon coloring alongside a digital magic color preview. Print the PDF directly or color online with interactive sound effects and glitter brushes at Coloro.in. Discover our full Objects collection at https://coloro.in/app?category=objects. #kidsactivities #coloringpages #freecoloringpages #toddleractivities #pres...","https://coloro.in/app?category=objects","","objects coloring pages, free coloring sheets, printable coloring pages for kids, preschool coloring activities, toddler coloring printables, homeschool art printables, cuddly teddy bear, coloro printables"
"Free Printable Objects Coloring Sheet - Flying Kite | Coloro","https://raw.githubusercontent.com/Singhak/insta_video/main/pin-066-flying-kite.png","Toys & Everyday Objects Coloring Sheets","Download this free printable Flying Kite coloring page! Perfect for toddlers, preschoolers, and early learners. Features crisp high-contrast outlines for easy crayon coloring alongside a digital magic color preview. Print the PDF directly or color online with interactive sound effects and glitter brushes at Coloro.in. Discover our full Objects collection at https://coloro.in/app?category=objects. #kidsactivities #coloringpages #freecoloringpages #toddleractivities #preschoolp...","https://coloro.in/app?category=objects","","objects coloring pages, free coloring sheets, printable coloring pages for kids, preschool coloring activities, toddler coloring printables, homeschool art printables, flying kite, coloro printables"
"Free Printable Objects Coloring Sheet - Gift Box Surprise | Coloro","https://raw.githubusercontent.com/Singhak/insta_video/main/pin-067-gift-box-surprise.png","Toys & Everyday Objects Coloring Sheets","Download this free printable Gift Box Surprise coloring page! Perfect for toddlers, preschoolers, and early learners. Features crisp high-contrast outlines for easy crayon coloring alongside a digital magic color preview. Print the PDF directly or color online with interactive sound effects and glitter brushes at Coloro.in. Discover our full Objects collection at https://coloro.in/app?category=objects. #kidsactivities #coloringpages #freecoloringpages #toddleractivities #pres...","https://coloro.in/app?category=objects","","objects coloring pages, free coloring sheets, printable coloring pages for kids, preschool coloring activities, toddler coloring printables, homeschool art printables, gift box surprise, coloro printables"
"Free Printable Objects Coloring Sheet - Friendly Toy Robot | Coloro","https://raw.githubusercontent.com/Singhak/insta_video/main/pin-068-friendly-toy-robot.png","Toys & Everyday Objects Coloring Sheets","Download this free printable Friendly Toy Robot coloring page! Perfect for toddlers, preschoolers, and early learners. Features crisp high-contrast outlines for easy crayon coloring alongside a digital magic color preview. Print the PDF directly or color online with interactive sound effects and glitter brushes at Coloro.in. Discover our full Objects collection at https://coloro.in/app?category=objects. #kidsactivities #coloringpages #freecoloringpages #toddleractivities #pre...","https://coloro.in/app?category=objects","","objects coloring pages, free coloring sheets, printable coloring pages for kids, preschool coloring activities, toddler coloring printables, homeschool art printables, friendly toy robot, coloro printables"
"Free Printable Objects Coloring Sheet - Retro Alarm Clock | Coloro","https://raw.githubusercontent.com/Singhak/insta_video/main/pin-069-retro-alarm-clock.png","Toys & Everyday Objects Coloring Sheets","Download this free printable Retro Alarm Clock coloring page! Perfect for toddlers, preschoolers, and early learners. Features crisp high-contrast outlines for easy crayon coloring alongside a digital magic color preview. Print the PDF directly or color online with interactive sound effects and glitter brushes at Coloro.in. Discover our full Objects collection at https://coloro.in/app?category=objects. #kidsactivities #coloringpages #freecoloringpages #toddleractivities #pres...","https://coloro.in/app?category=objects","","objects coloring pages, free coloring sheets, printable coloring pages for kids, preschool coloring activities, toddler coloring printables, homeschool art printables, retro alarm clock, coloro printables"
"Free Printable Objects Coloring Sheet - Floating Party Balloons | Coloro","https://raw.githubusercontent.com/Singhak/insta_video/main/pin-070-floating-party-balloons.png","Toys & Everyday Objects Coloring Sheets","Download this free printable Floating Party Balloons coloring page! Perfect for toddlers, preschoolers, and early learners. Features crisp high-contrast outlines for easy crayon coloring alongside a digital magic color preview. Print the PDF directly or color online with interactive sound effects and glitter brushes at Coloro.in. Discover our full Objects collection at https://coloro.in/app?category=objects. #kidsactivities #coloringpages #freecoloringpages #toddleractivities...","https://coloro.in/app?category=objects","","objects coloring pages, free coloring sheets, printable coloring pages for kids, preschool coloring activities, toddler coloring printables, homeschool art printables, floating party balloons, coloro printables"
"Free Printable Objects Coloring Sheet - Marching Toy Drum | Coloro","https://raw.githubusercontent.com/Singhak/insta_video/main/pin-071-marching-toy-drum.png","Toys & Everyday Objects Coloring Sheets","Download this free printable Marching Toy Drum coloring page! Perfect for toddlers, preschoolers, and early learners. Features crisp high-contrast outlines for easy crayon coloring alongside a digital magic color preview. Print the PDF directly or color online with interactive sound effects and glitter brushes at Coloro.in. Discover our full Objects collection at https://coloro.in/app?category=objects. #kidsactivities #coloringpages #freecoloringpages #toddleractivities #pres...","https://coloro.in/app?category=objects","","objects coloring pages, free coloring sheets, printable coloring pages for kids, preschool coloring activities, toddler coloring printables, homeschool art printables, marching toy drum, coloro printables"
"Free Printable Objects Coloring Sheet - Sweet Ice Cream Sundae | Coloro","https://raw.githubusercontent.com/Singhak/insta_video/main/pin-072-sweet-ice-cream-sundae.png","Toys & Everyday Objects Coloring Sheets","Download this free printable Sweet Ice Cream Sundae coloring page! Perfect for toddlers, preschoolers, and early learners. Features crisp high-contrast outlines for easy crayon coloring alongside a digital magic color preview. Print the PDF directly or color online with interactive sound effects and glitter brushes at Coloro.in. Discover our full Objects collection at https://coloro.in/app?category=objects. #kidsactivities #coloringpages #freecoloringpages #toddleractivities ...","https://coloro.in/app?category=objects","","objects coloring pages, free coloring sheets, printable coloring pages for kids, preschool coloring activities, toddler coloring printables, homeschool art printables, sweet ice cream sundae, coloro printables"
"Free Printable Objects Coloring Sheet - Magic Wand & Starlight | Coloro","https://raw.githubusercontent.com/Singhak/insta_video/main/pin-073-magic-wand-starlight.png","Toys & Everyday Objects Coloring Sheets","Download this free printable Magic Wand & Starlight coloring page! Perfect for toddlers, preschoolers, and early learners. Features crisp high-contrast outlines for easy crayon coloring alongside a digital magic color preview. Print the PDF directly or color online with interactive sound effects and glitter brushes at Coloro.in. Discover our full Objects collection at https://coloro.in/app?category=objects. #kidsactivities #coloringpages #freecoloringpages #toddleractivities ...","https://coloro.in/app?category=objects","","objects coloring pages, free coloring sheets, printable coloring pages for kids, preschool coloring activities, toddler coloring printables, homeschool art printables, magic wand & starlight, coloro printables"
"Free Printable Objects Coloring Sheet - Pirate Treasure Chest | Coloro","https://raw.githubusercontent.com/Singhak/insta_video/main/pin-074-pirate-treasure-chest.png","Toys & Everyday Objects Coloring Sheets","Download this free printable Pirate Treasure Chest coloring page! Perfect for toddlers, preschoolers, and early learners. Features crisp high-contrast outlines for easy crayon coloring alongside a digital magic color preview. Print the PDF directly or color online with interactive sound effects and glitter brushes at Coloro.in. Discover our full Objects collection at https://coloro.in/app?category=objects. #kidsactivities #coloringpages #freecoloringpages #toddleractivities #...","https://coloro.in/app?category=objects","","objects coloring pages, free coloring sheets, printable coloring pages for kids, preschool coloring activities, toddler coloring printables, homeschool art printables, pirate treasure chest, coloro printables"
"Free Printable Objects Coloring Sheet - Cozy Teapot & Cup | Coloro","https://raw.githubusercontent.com/Singhak/insta_video/main/pin-075-cozy-teapot-cup.png","Toys & Everyday Objects Coloring Sheets","Download this free printable Cozy Teapot & Cup coloring page! Perfect for toddlers, preschoolers, and early learners. Features crisp high-contrast outlines for easy crayon coloring alongside a digital magic color preview. Print the PDF directly or color online with interactive sound effects and glitter brushes at Coloro.in. Discover our full Objects collection at https://coloro.in/app?category=objects. #kidsactivities #coloringpages #freecoloringpages #toddleractivities #pres...","https://coloro.in/app?category=objects","","objects coloring pages, free coloring sheets, printable coloring pages for kids, preschool coloring activities, toddler coloring printables, homeschool art printables, cozy teapot & cup, coloro printables"
"Free Printable Space Coloring Sheet - Friendly Alien in UFO | Coloro","https://raw.githubusercontent.com/Singhak/insta_video/main/pin-076-friendly-alien-in-ufo.png","Outer Space & Astronaut Coloring Pages","Download this free printable Friendly Alien in UFO coloring page! Perfect for toddlers, preschoolers, and early learners. Features crisp high-contrast outlines for easy crayon coloring alongside a digital magic color preview. Print the PDF directly or color online with interactive sound effects and glitter brushes at Coloro.in. Discover our full Space collection at https://coloro.in/app?category=space. #kidsactivities #coloringpages #freecoloringpages #toddleractivities #pres...","https://coloro.in/app?category=space","","space coloring pages, free coloring sheets, printable coloring pages for kids, preschool coloring activities, toddler coloring printables, homeschool art printables, friendly alien in ufo, coloro printables"
"Free Printable Space Coloring Sheet - Cosmic Orbital Satellite | Coloro","https://raw.githubusercontent.com/Singhak/insta_video/main/pin-077-cosmic-orbital-satellite.png","Outer Space & Astronaut Coloring Pages","Download this free printable Cosmic Orbital Satellite coloring page! Perfect for toddlers, preschoolers, and early learners. Features crisp high-contrast outlines for easy crayon coloring alongside a digital magic color preview. Print the PDF directly or color online with interactive sound effects and glitter brushes at Coloro.in. Discover our full Space collection at https://coloro.in/app?category=space. #kidsactivities #coloringpages #freecoloringpages #toddleractivities #p...","https://coloro.in/app?category=space","","space coloring pages, free coloring sheets, printable coloring pages for kids, preschool coloring activities, toddler coloring printables, homeschool art printables, cosmic orbital satellite, coloro printables"
"Free Printable Space Coloring Sheet - Solar System & Planets | Coloro","https://raw.githubusercontent.com/Singhak/insta_video/main/pin-078-solar-system-planets.png","Outer Space & Astronaut Coloring Pages","Download this free printable Solar System & Planets coloring page! Perfect for toddlers, preschoolers, and early learners. Features crisp high-contrast outlines for easy crayon coloring alongside a digital magic color preview. Print the PDF directly or color online with interactive sound effects and glitter brushes at Coloro.in. Discover our full Space collection at https://coloro.in/app?category=space. #kidsactivities #coloringpages #freecoloringpages #toddleractivities #pre...","https://coloro.in/app?category=space","","space coloring pages, free coloring sheets, printable coloring pages for kids, preschool coloring activities, toddler coloring printables, homeschool art printables, solar system & planets, coloro printables"
"Free Printable Space Coloring Sheet - Blazing Shooting Comet | Coloro","https://raw.githubusercontent.com/Singhak/insta_video/main/pin-079-blazing-shooting-comet.png","Outer Space & Astronaut Coloring Pages","Download this free printable Blazing Shooting Comet coloring page! Perfect for toddlers, preschoolers, and early learners. Features crisp high-contrast outlines for easy crayon coloring alongside a digital magic color preview. Print the PDF directly or color online with interactive sound effects and glitter brushes at Coloro.in. Discover our full Space collection at https://coloro.in/app?category=space. #kidsactivities #coloringpages #freecoloringpages #toddleractivities #pre...","https://coloro.in/app?category=space","","space coloring pages, free coloring sheets, printable coloring pages for kids, preschool coloring activities, toddler coloring printables, homeschool art printables, blazing shooting comet, coloro printables"
"Free Printable Space Coloring Sheet - Lunar Moon Rover | Coloro","https://raw.githubusercontent.com/Singhak/insta_video/main/pin-080-lunar-moon-rover.png","Outer Space & Astronaut Coloring Pages","Download this free printable Lunar Moon Rover coloring page! Perfect for toddlers, preschoolers, and early learners. Features crisp high-contrast outlines for easy crayon coloring alongside a digital magic color preview. Print the PDF directly or color online with interactive sound effects and glitter brushes at Coloro.in. Discover our full Space collection at https://coloro.in/app?category=space. #kidsactivities #coloringpages #freecoloringpages #toddleractivities #preschool...","https://coloro.in/app?category=space","","space coloring pages, free coloring sheets, printable coloring pages for kids, preschool coloring activities, toddler coloring printables, homeschool art printables, lunar moon rover, coloro printables"
"Free Printable Vehicles Coloring Sheet - Classic Yellow School Bus | Coloro","https://raw.githubusercontent.com/Singhak/insta_video/main/pin-081-classic-yellow-school-bus.png","Cars, Trucks & Transportation Coloring Sheets","Download this free printable Classic Yellow School Bus coloring page! Perfect for toddlers, preschoolers, and early learners. Features crisp high-contrast outlines for easy crayon coloring alongside a digital magic color preview. Print the PDF directly or color online with interactive sound effects and glitter brushes at Coloro.in. Discover our full Vehicles collection at https://coloro.in/app?category=vehicles. #kidsactivities #coloringpages #freecoloringpages #toddleractivi...","https://coloro.in/app?category=vehicles","","vehicles coloring pages, free coloring sheets, printable coloring pages for kids, preschool coloring activities, toddler coloring printables, homeschool art printables, classic yellow school bus, coloro printables"
"Free Printable Vehicles Coloring Sheet - Sky Rescue Helicopter | Coloro","https://raw.githubusercontent.com/Singhak/insta_video/main/pin-082-sky-rescue-helicopter.png","Cars, Trucks & Transportation Coloring Sheets","Download this free printable Sky Rescue Helicopter coloring page! Perfect for toddlers, preschoolers, and early learners. Features crisp high-contrast outlines for easy crayon coloring alongside a digital magic color preview. Print the PDF directly or color online with interactive sound effects and glitter brushes at Coloro.in. Discover our full Vehicles collection at https://coloro.in/app?category=vehicles. #kidsactivities #coloringpages #freecoloringpages #toddleractivities...","https://coloro.in/app?category=vehicles","","vehicles coloring pages, free coloring sheets, printable coloring pages for kids, preschool coloring activities, toddler coloring printables, homeschool art printables, sky rescue helicopter, coloro printables"
"Free Printable Vehicles Coloring Sheet - Grand Sailing Galleon | Coloro","https://raw.githubusercontent.com/Singhak/insta_video/main/pin-083-grand-sailing-galleon.png","Cars, Trucks & Transportation Coloring Sheets","Download this free printable Grand Sailing Galleon coloring page! Perfect for toddlers, preschoolers, and early learners. Features crisp high-contrast outlines for easy crayon coloring alongside a digital magic color preview. Print the PDF directly or color online with interactive sound effects and glitter brushes at Coloro.in. Discover our full Vehicles collection at https://coloro.in/app?category=vehicles. #kidsactivities #coloringpages #freecoloringpages #toddleractivities...","https://coloro.in/app?category=vehicles","","vehicles coloring pages, free coloring sheets, printable coloring pages for kids, preschool coloring activities, toddler coloring printables, homeschool art printables, grand sailing galleon, coloro printables"
"Free Printable Vehicles Coloring Sheet - Heroic Fire Engine Truck | Coloro","https://raw.githubusercontent.com/Singhak/insta_video/main/pin-084-heroic-fire-engine-truck.png","Cars, Trucks & Transportation Coloring Sheets","Download this free printable Heroic Fire Engine Truck coloring page! Perfect for toddlers, preschoolers, and early learners. Features crisp high-contrast outlines for easy crayon coloring alongside a digital magic color preview. Print the PDF directly or color online with interactive sound effects and glitter brushes at Coloro.in. Discover our full Vehicles collection at https://coloro.in/app?category=vehicles. #kidsactivities #coloringpages #freecoloringpages #toddleractivit...","https://coloro.in/app?category=vehicles","","vehicles coloring pages, free coloring sheets, printable coloring pages for kids, preschool coloring activities, toddler coloring printables, homeschool art printables, heroic fire engine truck, coloro printables"
"Free Printable Nature Coloring Sheet - Tropical Island & Ocean Waves | Coloro","https://raw.githubusercontent.com/Singhak/insta_video/main/pin-085-tropical-island-ocean-waves.png","Nature & Landscape Coloring Sheets","Download this free printable Tropical Island & Ocean Waves coloring page! Perfect for toddlers, preschoolers, and early learners. Features crisp high-contrast outlines for easy crayon coloring alongside a digital magic color preview. Print the PDF directly or color online with interactive sound effects and glitter brushes at Coloro.in. Discover our full Nature collection at https://coloro.in/app?category=nature. #kidsactivities #coloringpages #freecoloringpages #toddleractivi...","https://coloro.in/app?category=nature","","nature coloring pages, free coloring sheets, printable coloring pages for kids, preschool coloring activities, toddler coloring printables, homeschool art printables, tropical island & ocean waves, coloro printables"
"Free Printable Nature Coloring Sheet - Sparkling Mountain Waterfall | Coloro","https://raw.githubusercontent.com/Singhak/insta_video/main/pin-086-sparkling-mountain-waterfall.png","Nature & Landscape Coloring Sheets","Download this free printable Sparkling Mountain Waterfall coloring page! Perfect for toddlers, preschoolers, and early learners. Features crisp high-contrast outlines for easy crayon coloring alongside a digital magic color preview. Print the PDF directly or color online with interactive sound effects and glitter brushes at Coloro.in. Discover our full Nature collection at https://coloro.in/app?category=nature. #kidsactivities #coloringpages #freecoloringpages #toddleractivit...","https://coloro.in/app?category=nature","","nature coloring pages, free coloring sheets, printable coloring pages for kids, preschool coloring activities, toddler coloring printables, homeschool art printables, sparkling mountain waterfall, coloro printables"
"Free Printable Animals Coloring Sheet - Majestic Safari Lion | Coloro","https://raw.githubusercontent.com/Singhak/insta_video/main/pin-087-majestic-safari-lion.png","Kids Coloring Pages - Animals & Pets","Download this free printable Majestic Safari Lion coloring page! Perfect for toddlers, preschoolers, and early learners. Features crisp high-contrast outlines for easy crayon coloring alongside a digital magic color preview. Print the PDF directly or color online with interactive sound effects and glitter brushes at Coloro.in. Discover our full Animals collection at https://coloro.in/app?category=animals. #kidsactivities #coloringpages #freecoloringpages #toddleractivities #p...","https://coloro.in/app?category=animals","","animals coloring pages, free coloring sheets, printable coloring pages for kids, preschool coloring activities, toddler coloring printables, homeschool art printables, majestic safari lion, coloro printables"
"Free Printable Animals Coloring Sheet - Playful Golden Puppy | Coloro","https://raw.githubusercontent.com/Singhak/insta_video/main/pin-088-playful-golden-puppy.png","Kids Coloring Pages - Animals & Pets","Download this free printable Playful Golden Puppy coloring page! Perfect for toddlers, preschoolers, and early learners. Features crisp high-contrast outlines for easy crayon coloring alongside a digital magic color preview. Print the PDF directly or color online with interactive sound effects and glitter brushes at Coloro.in. Discover our full Animals collection at https://coloro.in/app?category=animals. #kidsactivities #coloringpages #freecoloringpages #toddleractivities #p...","https://coloro.in/app?category=animals","","animals coloring pages, free coloring sheets, printable coloring pages for kids, preschool coloring activities, toddler coloring printables, homeschool art printables, playful golden puppy, coloro printables"
"Free Printable Vehicles Coloring Sheet - Supersonic GT Racecar | Coloro","https://raw.githubusercontent.com/Singhak/insta_video/main/pin-089-supersonic-gt-racecar.png","Cars, Trucks & Transportation Coloring Sheets","Download this free printable Supersonic GT Racecar coloring page! Perfect for toddlers, preschoolers, and early learners. Features crisp high-contrast outlines for easy crayon coloring alongside a digital magic color preview. Print the PDF directly or color online with interactive sound effects and glitter brushes at Coloro.in. Discover our full Vehicles collection at https://coloro.in/app?category=vehicles. #kidsactivities #coloringpages #freecoloringpages #toddleractivities...","https://coloro.in/app?category=vehicles","","vehicles coloring pages, free coloring sheets, printable coloring pages for kids, preschool coloring activities, toddler coloring printables, homeschool art printables, supersonic gt racecar, coloro printables"
"Free Printable Nature Coloring Sheet - Enchanted Kingdom Castle | Coloro","https://raw.githubusercontent.com/Singhak/insta_video/main/pin-090-enchanted-kingdom-castle.png","Nature & Landscape Coloring Sheets","Download this free printable Enchanted Kingdom Castle coloring page! Perfect for toddlers, preschoolers, and early learners. Features crisp high-contrast outlines for easy crayon coloring alongside a digital magic color preview. Print the PDF directly or color online with interactive sound effects and glitter brushes at Coloro.in. Discover our full Nature collection at https://coloro.in/app?category=nature. #kidsactivities #coloringpages #freecoloringpages #toddleractivities ...","https://coloro.in/app?category=nature","","nature coloring pages, free coloring sheets, printable coloring pages for kids, preschool coloring activities, toddler coloring printables, homeschool art printables, enchanted kingdom castle, coloro printables"
"Free Printable Nature Coloring Sheet - Monarch Butterfly & Blooms | Coloro","https://raw.githubusercontent.com/Singhak/insta_video/main/pin-091-monarch-butterfly-blooms.png","Nature & Landscape Coloring Sheets","Download this free printable Monarch Butterfly & Blooms coloring page! Perfect for toddlers, preschoolers, and early learners. Features crisp high-contrast outlines for easy crayon coloring alongside a digital magic color preview. Print the PDF directly or color online with interactive sound effects and glitter brushes at Coloro.in. Discover our full Nature collection at https://coloro.in/app?category=nature. #kidsactivities #coloringpages #freecoloringpages #toddleractivitie...","https://coloro.in/app?category=nature","","nature coloring pages, free coloring sheets, printable coloring pages for kids, preschool coloring activities, toddler coloring printables, homeschool art printables, monarch butterfly & blooms, coloro printables"
"Free Printable Animals Coloring Sheet - Majestic Jungle T-Rex | Coloro","https://raw.githubusercontent.com/Singhak/insta_video/main/pin-092-majestic-jungle-t-rex.png","Kids Coloring Pages - Animals & Pets","Download this free printable Majestic Jungle T-Rex coloring page! Perfect for toddlers, preschoolers, and early learners. Features crisp high-contrast outlines for easy crayon coloring alongside a digital magic color preview. Print the PDF directly or color online with interactive sound effects and glitter brushes at Coloro.in. Discover our full Animals collection at https://coloro.in/app?category=animals. #kidsactivities #coloringpages #freecoloringpages #toddleractivities #...","https://coloro.in/app?category=animals","","animals coloring pages, free coloring sheets, printable coloring pages for kids, preschool coloring activities, toddler coloring printables, homeschool art printables, majestic jungle t-rex, coloro printables"
"Free Printable Space Coloring Sheet - Astronaut in Deep Space | Coloro","https://raw.githubusercontent.com/Singhak/insta_video/main/pin-093-astronaut-in-deep-space.png","Outer Space & Astronaut Coloring Pages","Download this free printable Astronaut in Deep Space coloring page! Perfect for toddlers, preschoolers, and early learners. Features crisp high-contrast outlines for easy crayon coloring alongside a digital magic color preview. Print the PDF directly or color online with interactive sound effects and glitter brushes at Coloro.in. Discover our full Space collection at https://coloro.in/app?category=space. #kidsactivities #coloringpages #freecoloringpages #toddleractivities #pr...","https://coloro.in/app?category=space","","space coloring pages, free coloring sheets, printable coloring pages for kids, preschool coloring activities, toddler coloring printables, homeschool art printables, astronaut in deep space, coloro printables"
"Free Printable Weekly Drops Coloring Sheet - Galactic Rocket & Planets | Coloro","https://raw.githubusercontent.com/Singhak/insta_video/main/pin-094-galactic-rocket-planets.png","Coloro Weekly Free Coloring Printables","Download this free printable Galactic Rocket & Planets coloring page! Perfect for toddlers, preschoolers, and early learners. Features crisp high-contrast outlines for easy crayon coloring alongside a digital magic color preview. Print the PDF directly or color online with interactive sound effects and glitter brushes at Coloro.in. Discover our full Weekly Drops collection at https://coloro.in/app?category=weekly. #kidsactivities #coloringpages #freecoloringpages #toddleracti...","https://coloro.in/app?category=weekly","","weekly drops coloring pages, free coloring sheets, printable coloring pages for kids, preschool coloring activities, toddler coloring printables, homeschool art printables, galactic rocket & planets, coloro printables"
"Free Printable Weekly Drops Coloring Sheet - Enchanted Fairy Treehouse | Coloro","https://raw.githubusercontent.com/Singhak/insta_video/main/pin-095-enchanted-fairy-treehouse.png","Coloro Weekly Free Coloring Printables","Download this free printable Enchanted Fairy Treehouse coloring page! Perfect for toddlers, preschoolers, and early learners. Features crisp high-contrast outlines for easy crayon coloring alongside a digital magic color preview. Print the PDF directly or color online with interactive sound effects and glitter brushes at Coloro.in. Discover our full Weekly Drops collection at https://coloro.in/app?category=weekly. #kidsactivities #coloringpages #freecoloringpages #toddleracti...","https://coloro.in/app?category=weekly","","weekly drops coloring pages, free coloring sheets, printable coloring pages for kids, preschool coloring activities, toddler coloring printables, homeschool art printables, enchanted fairy treehouse, coloro printables"
"Free Printable Weekly Drops Coloring Sheet - Deep Sea Turtle & Coral Reef | Coloro","https://raw.githubusercontent.com/Singhak/insta_video/main/pin-096-deep-sea-turtle-coral-reef.png","Coloro Weekly Free Coloring Printables","Download this free printable Deep Sea Turtle & Coral Reef coloring page! Perfect for toddlers, preschoolers, and early learners. Features crisp high-contrast outlines for easy crayon coloring alongside a digital magic color preview. Print the PDF directly or color online with interactive sound effects and glitter brushes at Coloro.in. Discover our full Weekly Drops collection at https://coloro.in/app?category=weekly. #kidsactivities #coloringpages #freecoloringpages #toddlera...","https://coloro.in/app?category=weekly","","weekly drops coloring pages, free coloring sheets, printable coloring pages for kids, preschool coloring activities, toddler coloring printables, homeschool art printables, deep sea turtle & coral reef, coloro printables"
"Free Printable Weekly Drops Coloring Sheet - Baby T-Rex Volcano Valley | Coloro","https://raw.githubusercontent.com/Singhak/insta_video/main/pin-097-baby-t-rex-volcano-valley.png","Coloro Weekly Free Coloring Printables","Download this free printable Baby T-Rex Volcano Valley coloring page! Perfect for toddlers, preschoolers, and early learners. Features crisp high-contrast outlines for easy crayon coloring alongside a digital magic color preview. Print the PDF directly or color online with interactive sound effects and glitter brushes at Coloro.in. Discover our full Weekly Drops collection at https://coloro.in/app?category=weekly. #kidsactivities #coloringpages #freecoloringpages #toddleracti...","https://coloro.in/app?category=weekly","","weekly drops coloring pages, free coloring sheets, printable coloring pages for kids, preschool coloring activities, toddler coloring printables, homeschool art printables, baby t-rex volcano valley, coloro printables"
"Free Printable Weekly Drops Coloring Sheet - Magical Flying Unicorn | Coloro","https://raw.githubusercontent.com/Singhak/insta_video/main/pin-098-magical-flying-unicorn.png","Coloro Weekly Free Coloring Printables","Download this free printable Magical Flying Unicorn coloring page! Perfect for toddlers, preschoolers, and early learners. Features crisp high-contrast outlines for easy crayon coloring alongside a digital magic color preview. Print the PDF directly or color online with interactive sound effects and glitter brushes at Coloro.in. Discover our full Weekly Drops collection at https://coloro.in/app?category=weekly. #kidsactivities #coloringpages #freecoloringpages #toddleractivit...","https://coloro.in/app?category=weekly","","weekly drops coloring pages, free coloring sheets, printable coloring pages for kids, preschool coloring activities, toddler coloring printables, homeschool art printables, magical flying unicorn, coloro printables"
"Free Printable Weekly Drops Coloring Sheet - Supercharged Cyber Racer | Coloro","https://raw.githubusercontent.com/Singhak/insta_video/main/pin-099-supercharged-cyber-racer.png","Coloro Weekly Free Coloring Printables","Download this free printable Supercharged Cyber Racer coloring page! Perfect for toddlers, preschoolers, and early learners. Features crisp high-contrast outlines for easy crayon coloring alongside a digital magic color preview. Print the PDF directly or color online with interactive sound effects and glitter brushes at Coloro.in. Discover our full Weekly Drops collection at https://coloro.in/app?category=weekly. #kidsactivities #coloringpages #freecoloringpages #toddleractiv...","https://coloro.in/app?category=weekly","","weekly drops coloring pages, free coloring sheets, printable coloring pages for kids, preschool coloring activities, toddler coloring printables, homeschool art printables, supercharged cyber racer, coloro printables"
"Free Printable Weekly Drops Coloring Sheet - Friendly Coral Dolphin | Coloro","https://raw.githubusercontent.com/Singhak/insta_video/main/pin-100-friendly-coral-dolphin.png","Coloro Weekly Free Coloring Printables","Download this free printable Friendly Coral Dolphin coloring page! Perfect for toddlers, preschoolers, and early learners. Features crisp high-contrast outlines for easy crayon coloring alongside a digital magic color preview. Print the PDF directly or color online with interactive sound effects and glitter brushes at Coloro.in. Discover our full Weekly Drops collection at https://coloro.in/app?category=weekly. #kidsactivities #coloringpages #freecoloringpages #toddleractivit...","https://coloro.in/app?category=weekly","","weekly drops coloring pages, free coloring sheets, printable coloring pages for kids, preschool coloring activities, toddler coloring printables, homeschool art printables, friendly coral dolphin, coloro printables"