"Timestamp","Template Name","Category","Aspect Ratio","Duration (s)","Video Path","YouTube Title","YouTube Description","YouTube Tags","Instagram Content","Destination URL","YouTube Privacy","YouTube URL","Instagram Media ID","Status"
"2026-09-21T09:01:24.743Z","Happy Baby Panda","animal","9:16","5","https://raw.githubusercontent.com/Singhak/insta_video/main/happy-baby-panda-short.mp4","Satisfying Coloring Magic! 🎨 Happy Baby Panda ✨ #Shorts #Coloring","Watch Happy Baby Panda come to life with colorful magic! 🎨✨

👉 Color this page online or download the printable PDF free:
https://coloro.in/app?category=animals

Coloro (https://coloro.in) is a 100% free interactive coloring web app with hundreds of printable coloring pages for kids, toddlers, and art lovers of all ages!

🖍️ Coloro Features:
✨ Instant one-tap fill & custom brush coloring
📄 High-resolution printable PDF downloads
🦁 Fun categories: Animals, Alphabet, Numbers, Nature, Space, Vehicles & more
🎉 100% Free, no sign-up required!

#Shorts #Coloring #Satisfying #KidsArt #ColoringPages #ArtForKids #Coloro #ColoringBook #SpeedPaint #SatisfyingColoring #ColoringTime #Relaxing #KidsActivities","shorts, youtube shorts, coloring, satisfying coloring, coloro, kids coloring, art for kids, coloring pages, printable coloring sheets, speed coloring, satisfying video, drawing for kids, coloring book, happy baby panda, animals","Satisfying Coloring Magic with Happy Baby Panda! 🎨✨

Can you guess what color comes next? Drop your favorite color in the comments! 👇💬

🖍️ Color this sheet online or print it for FREE on Coloro!
👉 Link in bio to color or print hundreds of free sheets: www.coloro.in

Save this Reel for your next fun kids' craft session! 💖

.
.
.
#reels #reelsinstagram #reelsvideo #coloring #coloro #satisfying #satisfyingvideo #coloringbook #kidsactivities #toddleractivities #artforkids #parentinghacks #homeschooling #drawing #coloringpages #speedpaint #arttherapy #diykids #freebies","https://coloro.in/app?category=animals","public","","18130269715752058","PUBLISHED"
"2026-09-21T09:33:30.030Z","Sun & Cloud","nature","9:16","5","https://raw.githubusercontent.com/Singhak/insta_video/main/sun-cloud-short.mp4","Satisfying Coloring Magic! 🎨 Sun & Cloud ✨ #Shorts #Coloring","Watch Sun & Cloud come to life with colorful magic! 🎨✨

👉 Color this page online or download the printable PDF free:
https://coloro.in/app?category=nature

Coloro (https://coloro.in) is a 100% free interactive coloring web app with hundreds of printable coloring pages for kids, toddlers, and art lovers of all ages!

🖍️ Coloro Features:
✨ Instant one-tap fill & custom brush coloring
📄 High-resolution printable PDF downloads
🦁 Fun categories: Animals, Alphabet, Numbers, Nature, Space, Vehicles & more
🎉 100% Free, no sign-up required!

#Shorts #Coloring #Satisfying #KidsArt #ColoringPages #ArtForKids #Coloro #ColoringBook #SpeedPaint #SatisfyingColoring #ColoringTime #Relaxing #KidsActivities","shorts, youtube shorts, coloring, satisfying coloring, coloro, kids coloring, art for kids, coloring pages, printable coloring sheets, speed coloring, satisfying video, drawing for kids, coloring book, sun & cloud, nature","Satisfying Coloring Magic with Sun & Cloud! 🎨✨

Can you guess what color comes next? Drop your favorite color in the comments! 👇💬

🖍️ Color this sheet online or print it for FREE on Coloro!
👉 Link in bio to color or print hundreds of free sheets: www.coloro.in

Save this Reel for your next fun kids' craft session! 💖

.
.
.
#reels #reelsinstagram #reelsvideo #coloring #coloro #satisfying #satisfyingvideo #coloringbook #kidsactivities #toddleractivities #artforkids #parentinghacks #homeschooling #drawing #coloringpages #speedpaint #arttherapy #diykids #freebies","https://coloro.in/app?category=nature","public","","17904126756603996","PUBLISHED"
"2026-09-23T14:43:38.606Z","Crisp Bell Pepper","vegetables","9:16","15","https://raw.githubusercontent.com/Singhak/insta_video/main/crisp-bell-pepper-short.mp4","Satisfying Coloring Magic! 🎨 Crisp Bell Pepper ✨ #Shorts #Coloring","Watch Crisp Bell Pepper come to life with colorful magic! 🎨✨

👉 Color this page online or download the printable PDF free:
https://coloro.in/app?category=vegetables

Coloro (https://coloro.in) is a 100% free interactive coloring web app with hundreds of printable coloring pages for kids, toddlers, and art lovers of all ages!

🖍️ Coloro Features:
✨ Instant one-tap fill & custom brush coloring
📄 High-resolution printable PDF downloads
🦁 Fun categories: Animals, Alphabet, Numbers, Nature, Space, Vehicles & more
🎉 100% Free, no sign-up required!

#Shorts #Coloring #Satisfying #KidsArt #ColoringPages #ArtForKids #Coloro #ColoringBook #SpeedPaint #SatisfyingColoring #ColoringTime #Relaxing #KidsActivities","shorts, youtube shorts, coloring, satisfying coloring, coloro, kids coloring, art for kids, coloring pages, printable coloring sheets, speed coloring, satisfying video, drawing for kids, coloring book, crisp bell pepper, vegetables","Satisfying Coloring Magic with Crisp Bell Pepper! 🎨✨

Can you guess what color comes next? Drop your favorite color in the comments! 👇💬

🖍️ Color this sheet online or print it for FREE on Coloro!
👉 Link in bio to color or print hundreds of free sheets: www.coloro.in

Save this Reel for your next fun kids' craft session! 💖

.
.
.
#reels #reelsinstagram #reelsvideo #coloring #coloro #satisfying #satisfyingvideo #coloringbook #kidsactivities #toddleractivities #artforkids #parentinghacks #homeschooling #drawing #coloringpages #speedpaint #arttherapy #diykids #freebies","https://coloro.in/app?category=vegetables","public","","18409956979095803","PUBLISHED"
"2026-09-23T14:44:24.125Z","Floating Party Balloons","object","9:16","15","https://raw.githubusercontent.com/Singhak/insta_video/main/floating-party-balloons-short.mp4","Satisfying Coloring Magic! 🎨 Floating Party Balloons ✨ #Shorts #Coloring","Watch Floating Party Balloons come to life with colorful magic! 🎨✨

👉 Color this page online or download the printable PDF free:
https://coloro.in/app?category=objects

Coloro (https://coloro.in) is a 100% free interactive coloring web app with hundreds of printable coloring pages for kids, toddlers, and art lovers of all ages!

🖍️ Coloro Features:
✨ Instant one-tap fill & custom brush coloring
📄 High-resolution printable PDF downloads
🦁 Fun categories: Animals, Alphabet, Numbers, Nature, Space, Vehicles & more
🎉 100% Free, no sign-up required!

#Shorts #Coloring #Satisfying #KidsArt #ColoringPages #ArtForKids #Coloro #ColoringBook #SpeedPaint #SatisfyingColoring #ColoringTime #Relaxing #KidsActivities","shorts, youtube shorts, coloring, satisfying coloring, coloro, kids coloring, art for kids, coloring pages, printable coloring sheets, speed coloring, satisfying video, drawing for kids, coloring book, floating party balloons, objects","Satisfying Coloring Magic with Floating Party Balloons! 🎨✨

Can you guess what color comes next? Drop your favorite color in the comments! 👇💬

🖍️ Color this sheet online or print it for FREE on Coloro!
👉 Link in bio to color or print hundreds of free sheets: www.coloro.in

Save this Reel for your next fun kids' craft session! 💖

.
.
.
#reels #reelsinstagram #reelsvideo #coloring #coloro #satisfying #satisfyingvideo #coloringbook #kidsactivities #toddleractivities #artforkids #parentinghacks #homeschooling #drawing #coloringpages #speedpaint #arttherapy #diykids #freebies","https://coloro.in/app?category=objects","public","","","unposted"
"2026-09-23T14:45:13.889Z","Number 5 - Five Apples","numbers","9:16","15","https://raw.githubusercontent.com/Singhak/insta_video/main/number-5-five-apples-short.mp4","Satisfying Coloring Magic! 🎨 Number 5 - Five Apples ✨ #Shorts #Coloring","Watch Number 5 - Five Apples come to life with colorful magic! 🎨✨

👉 Color this page online or download the printable PDF free:
https://coloro.in/app?category=numbers

Coloro (https://coloro.in) is a 100% free interactive coloring web app with hundreds of printable coloring pages for kids, toddlers, and art lovers of all ages!

🖍️ Coloro Features:
✨ Instant one-tap fill & custom brush coloring
📄 High-resolution printable PDF downloads
🦁 Fun categories: Animals, Alphabet, Numbers, Nature, Space, Vehicles & more
🎉 100% Free, no sign-up required!

#Shorts #Coloring #Satisfying #KidsArt #ColoringPages #ArtForKids #Coloro #ColoringBook #SpeedPaint #SatisfyingColoring #ColoringTime #Relaxing #KidsActivities","shorts, youtube shorts, coloring, satisfying coloring, coloro, kids coloring, art for kids, coloring pages, printable coloring sheets, speed coloring, satisfying video, drawing for kids, coloring book, number 5 - five apples, numbers","Satisfying Coloring Magic with Number 5 - Five Apples! 🎨✨

Can you guess what color comes next? Drop your favorite color in the comments! 👇💬

🖍️ Color this sheet online or print it for FREE on Coloro!
👉 Link in bio to color or print hundreds of free sheets: www.coloro.in

Save this Reel for your next fun kids' craft session! 💖

.
.
.
#reels #reelsinstagram #reelsvideo #coloring #coloro #satisfying #satisfyingvideo #coloringbook #kidsactivities #toddleractivities #artforkids #parentinghacks #homeschooling #drawing #coloringpages #speedpaint #arttherapy #diykids #freebies","https://coloro.in/app?category=numbers","public","","","unposted"
"2026-09-23T14:47:26.305Z","Flying Kite","object","9:16","15","https://raw.githubusercontent.com/Singhak/insta_video/main/flying-kite-short.mp4","Satisfying Coloring Magic! 🎨 Flying Kite ✨ #Shorts #Coloring","Watch Flying Kite come to life with colorful magic! 🎨✨

👉 Color this page online or download the printable PDF free:
https://coloro.in/app?category=objects

Coloro (https://coloro.in) is a 100% free interactive coloring web app with hundreds of printable coloring pages for kids, toddlers, and art lovers of all ages!

🖍️ Coloro Features:
✨ Instant one-tap fill & custom brush coloring
📄 High-resolution printable PDF downloads
🦁 Fun categories: Animals, Alphabet, Numbers, Nature, Space, Vehicles & more
🎉 100% Free, no sign-up required!

#Shorts #Coloring #Satisfying #KidsArt #ColoringPages #ArtForKids #Coloro #ColoringBook #SpeedPaint #SatisfyingColoring #ColoringTime #Relaxing #KidsActivities","shorts, youtube shorts, coloring, satisfying coloring, coloro, kids coloring, art for kids, coloring pages, printable coloring sheets, speed coloring, satisfying video, drawing for kids, coloring book, flying kite, objects","Satisfying Coloring Magic with Flying Kite! 🎨✨

Can you guess what color comes next? Drop your favorite color in the comments! 👇💬

🖍️ Color this sheet online or print it for FREE on Coloro!
👉 Link in bio to color or print hundreds of free sheets: www.coloro.in

Save this Reel for your next fun kids' craft session! 💖

.
.
.
#reels #reelsinstagram #reelsvideo #coloring #coloro #satisfying #satisfyingvideo #coloringbook #kidsactivities #toddleractivities #artforkids #parentinghacks #homeschooling #drawing #coloringpages #speedpaint #arttherapy #diykids #freebies","https://coloro.in/app?category=objects","public","","","unposted"
"2026-09-23T14:48:35.323Z","Juicy Watermelon","fruits","9:16","15","https://raw.githubusercontent.com/Singhak/insta_video/main/juicy-watermelon-short.mp4","Satisfying Coloring Magic! 🎨 Juicy Watermelon ✨ #Shorts #Coloring","Watch Juicy Watermelon come to life with colorful magic! 🎨✨

👉 Color this page online or download the printable PDF free:
https://coloro.in/app?category=fruits

Coloro (https://coloro.in) is a 100% free interactive coloring web app with hundreds of printable coloring pages for kids, toddlers, and art lovers of all ages!

🖍️ Coloro Features:
✨ Instant one-tap fill & custom brush coloring
📄 High-resolution printable PDF downloads
🦁 Fun categories: Animals, Alphabet, Numbers, Nature, Space, Vehicles & more
🎉 100% Free, no sign-up required!

#Shorts #Coloring #Satisfying #KidsArt #ColoringPages #ArtForKids #Coloro #ColoringBook #SpeedPaint #SatisfyingColoring #ColoringTime #Relaxing #KidsActivities","shorts, youtube shorts, coloring, satisfying coloring, coloro, kids coloring, art for kids, coloring pages, printable coloring sheets, speed coloring, satisfying video, drawing for kids, coloring book, juicy watermelon, fruits","Satisfying Coloring Magic with Juicy Watermelon! 🎨✨

Can you guess what color comes next? Drop your favorite color in the comments! 👇💬

🖍️ Color this sheet online or print it for FREE on Coloro!
👉 Link in bio to color or print hundreds of free sheets: www.coloro.in

Save this Reel for your next fun kids' craft session! 💖

.
.
.
#reels #reelsinstagram #reelsvideo #coloring #coloro #satisfying #satisfyingvideo #coloringbook #kidsactivities #toddleractivities #artforkids #parentinghacks #homeschooling #drawing #coloringpages #speedpaint #arttherapy #diykids #freebies","https://coloro.in/app?category=fruits","public","","","unposted"
"2026-09-23T17:03:31.360Z","Juicy Watermelon","fruits","9:16","15","https://raw.githubusercontent.com/Singhak/insta_video/main/juicy-watermelon-short.mp4","Satisfying Coloring Magic! 🎨 Juicy Watermelon ✨ #Shorts #Coloring","Watch Juicy Watermelon come to life with colorful magic! 🎨✨

👉 Color this page online or download the printable PDF free:
https://coloro.in/app?category=fruits

Coloro (https://coloro.in) is a 100% free interactive coloring web app with hundreds of printable coloring pages for kids, toddlers, and art lovers of all ages!

🖍️ Coloro Features:
✨ Instant one-tap fill & custom brush coloring
📄 High-resolution printable PDF downloads
🦁 Fun categories: Animals, Alphabet, Numbers, Nature, Space, Vehicles & more
🎉 100% Free, no sign-up required!

#Shorts #Coloring #Satisfying #KidsArt #ColoringPages #ArtForKids #Coloro #ColoringBook #SpeedPaint #SatisfyingColoring #ColoringTime #Relaxing #KidsActivities","shorts, youtube shorts, coloring, satisfying coloring, coloro, kids coloring, art for kids, coloring pages, printable coloring sheets, speed coloring, satisfying video, drawing for kids, coloring book, juicy watermelon, fruits","Satisfying Coloring Magic with Juicy Watermelon! 🎨✨

Can you guess what color comes next? Drop your favorite color in the comments! 👇💬

🖍️ Color this sheet online or print it for FREE on Coloro!
👉 Link in bio to color or print hundreds of free sheets: www.coloro.in

Save this Reel for your next fun kids' craft session! 💖

.
.
.
#reels #reelsinstagram #reelsvideo #coloring #coloro #satisfying #satisfyingvideo #coloringbook #kidsactivities #toddleractivities #artforkids #parentinghacks #homeschooling #drawing #coloringpages #speedpaint #arttherapy #diykids #freebies","https://coloro.in/app?category=fruits","public","","","unposted"
"2026-09-23T17:04:23.268Z","Pirate Treasure Chest","object","9:16","15","https://raw.githubusercontent.com/Singhak/insta_video/main/pirate-treasure-chest-short.mp4","Satisfying Coloring Magic! 🎨 Pirate Treasure Chest ✨ #Shorts #Coloring","Watch Pirate Treasure Chest come to life with colorful magic! 🎨✨

👉 Color this page online or download the printable PDF free:
https://coloro.in/app?category=objects

Coloro (https://coloro.in) is a 100% free interactive coloring web app with hundreds of printable coloring pages for kids, toddlers, and art lovers of all ages!

🖍️ Coloro Features:
✨ Instant one-tap fill & custom brush coloring
📄 High-resolution printable PDF downloads
🦁 Fun categories: Animals, Alphabet, Numbers, Nature, Space, Vehicles & more
🎉 100% Free, no sign-up required!

#Shorts #Coloring #Satisfying #KidsArt #ColoringPages #ArtForKids #Coloro #ColoringBook #SpeedPaint #SatisfyingColoring #ColoringTime #Relaxing #KidsActivities","shorts, youtube shorts, coloring, satisfying coloring, coloro, kids coloring, art for kids, coloring pages, printable coloring sheets, speed coloring, satisfying video, drawing for kids, coloring book, pirate treasure chest, objects","Satisfying Coloring Magic with Pirate Treasure Chest! 🎨✨

Can you guess what color comes next? Drop your favorite color in the comments! 👇💬

🖍️ Color this sheet online or print it for FREE on Coloro!
👉 Link in bio to color or print hundreds of free sheets: www.coloro.in

Save this Reel for your next fun kids' craft session! 💖

.
.
.
#reels #reelsinstagram #reelsvideo #coloring #coloro #satisfying #satisfyingvideo #coloringbook #kidsactivities #toddleractivities #artforkids #parentinghacks #homeschooling #drawing #coloringpages #speedpaint #arttherapy #diykids #freebies","https://coloro.in/app?category=objects","public","","","unposted"
"2026-09-23T17:07:13.679Z","Toy Car","vehicles","9:16","15","https://raw.githubusercontent.com/Singhak/insta_video/main/toy-car-short.mp4","Satisfying Coloring Magic! 🎨 Toy Car ✨ #Shorts #Coloring","Watch Toy Car come to life with colorful magic! 🎨✨

👉 Color this page online or download the printable PDF free:
https://coloro.in/app?category=vehicles

Coloro (https://coloro.in) is a 100% free interactive coloring web app with hundreds of printable coloring pages for kids, toddlers, and art lovers of all ages!

🖍️ Coloro Features:
✨ Instant one-tap fill & custom brush coloring
📄 High-resolution printable PDF downloads
🦁 Fun categories: Animals, Alphabet, Numbers, Nature, Space, Vehicles & more
🎉 100% Free, no sign-up required!

#Shorts #Coloring #Satisfying #KidsArt #ColoringPages #ArtForKids #Coloro #ColoringBook #SpeedPaint #SatisfyingColoring #ColoringTime #Relaxing #KidsActivities","shorts, youtube shorts, coloring, satisfying coloring, coloro, kids coloring, art for kids, coloring pages, printable coloring sheets, speed coloring, satisfying video, drawing for kids, coloring book, toy car, vehicles","Satisfying Coloring Magic with Toy Car! 🎨✨

Can you guess what color comes next? Drop your favorite color in the comments! 👇💬

🖍️ Color this sheet online or print it for FREE on Coloro!
👉 Link in bio to color or print hundreds of free sheets: www.coloro.in

Save this Reel for your next fun kids' craft session! 💖

.
.
.
#reels #reelsinstagram #reelsvideo #coloring #coloro #satisfying #satisfyingvideo #coloringbook #kidsactivities #toddleractivities #artforkids #parentinghacks #homeschooling #drawing #coloringpages #speedpaint #arttherapy #diykids #freebies","https://coloro.in/app?category=vehicles","public","","","unposted"
"2026-10-01T06:45:49.321Z","Number 2 - Two Ducks","numbers","9:16","15","https://raw.githubusercontent.com/Singhak/insta_video/main/number-2-two-ducks-short.mp4","Satisfying Coloring Magic! 🎨 Number 2 - Two Ducks ✨ #Shorts #Coloring","Watch Number 2 - Two Ducks come to life with colorful magic! 🎨✨

👉 Color this page online or download the printable PDF free:
https://coloro.in/app?category=numbers

Coloro (https://coloro.in) is a 100% free interactive coloring web app with hundreds of printable coloring pages for kids, toddlers, and art lovers of all ages!

🖍️ Coloro Features:
✨ Instant one-tap fill & custom brush coloring
📄 High-resolution printable PDF downloads
🦁 Fun categories: Animals, Alphabet, Numbers, Nature, Space, Vehicles & more
🎉 100% Free, no sign-up required!

#Shorts #Coloring #Satisfying #KidsArt #ColoringPages #ArtForKids #Coloro #ColoringBook #SpeedPaint #SatisfyingColoring #ColoringTime #Relaxing #KidsActivities","shorts, youtube shorts, coloring, satisfying coloring, coloro, kids coloring, art for kids, coloring pages, printable coloring sheets, speed coloring, satisfying video, drawing for kids, coloring book, number 2 - two ducks, numbers","Satisfying Coloring Magic with Number 2 - Two Ducks! 🎨✨

Can you guess what color comes next? Drop your favorite color in the comments! 👇💬

🖍️ Color this sheet online or print it for FREE on Coloro!
👉 Link in bio to color or print hundreds of free sheets: www.coloro.in

Save this Reel for your next fun kids' craft session! 💖

.
.
.
#reels #reelsinstagram #reelsvideo #coloring #coloro #satisfying #satisfyingvideo #coloringbook #kidsactivities #toddleractivities #artforkids #parentinghacks #homeschooling #drawing #coloringpages #speedpaint #arttherapy #diykids #freebies","https://coloro.in/app?category=numbers","public","","","unposted"
"2026-10-01T06:46:31.836Z","Little Fish","animal","9:16","15","https://raw.githubusercontent.com/Singhak/insta_video/main/little-fish-short.mp4","Satisfying Coloring Magic! 🎨 Little Fish ✨ #Shorts #Coloring","Watch Little Fish come to life with colorful magic! 🎨✨

👉 Color this page online or download the printable PDF free:
https://coloro.in/app?category=animals

Coloro (https://coloro.in) is a 100% free interactive coloring web app with hundreds of printable coloring pages for kids, toddlers, and art lovers of all ages!

🖍️ Coloro Features:
✨ Instant one-tap fill & custom brush coloring
📄 High-resolution printable PDF downloads
🦁 Fun categories: Animals, Alphabet, Numbers, Nature, Space, Vehicles & more
🎉 100% Free, no sign-up required!

#Shorts #Coloring #Satisfying #KidsArt #ColoringPages #ArtForKids #Coloro #ColoringBook #SpeedPaint #SatisfyingColoring #ColoringTime #Relaxing #KidsActivities","shorts, youtube shorts, coloring, satisfying coloring, coloro, kids coloring, art for kids, coloring pages, printable coloring sheets, speed coloring, satisfying video, drawing for kids, coloring book, little fish, animals","Satisfying Coloring Magic with Little Fish! 🎨✨

Can you guess what color comes next? Drop your favorite color in the comments! 👇💬

🖍️ Color this sheet online or print it for FREE on Coloro!
👉 Link in bio to color or print hundreds of free sheets: www.coloro.in

Save this Reel for your next fun kids' craft session! 💖

.
.
.
#reels #reelsinstagram #reelsvideo #coloring #coloro #satisfying #satisfyingvideo #coloringbook #kidsactivities #toddleractivities #artforkids #parentinghacks #homeschooling #drawing #coloringpages #speedpaint #arttherapy #diykids #freebies","https://coloro.in/app?category=animals","public","","","unposted"
"2026-10-01T06:47:12.274Z","Rainbow","nature","9:16","15","https://raw.githubusercontent.com/Singhak/insta_video/main/rainbow-short.mp4","Satisfying Coloring Magic! 🎨 Rainbow ✨ #Shorts #Coloring","Watch Rainbow come to life with colorful magic! 🎨✨

👉 Color this page online or download the printable PDF free:
https://coloro.in/app?category=nature

Coloro (https://coloro.in) is a 100% free interactive coloring web app with hundreds of printable coloring pages for kids, toddlers, and art lovers of all ages!

🖍️ Coloro Features:
✨ Instant one-tap fill & custom brush coloring
📄 High-resolution printable PDF downloads
🦁 Fun categories: Animals, Alphabet, Numbers, Nature, Space, Vehicles & more
🎉 100% Free, no sign-up required!

#Shorts #Coloring #Satisfying #KidsArt #ColoringPages #ArtForKids #Coloro #ColoringBook #SpeedPaint #SatisfyingColoring #ColoringTime #Relaxing #KidsActivities","shorts, youtube shorts, coloring, satisfying coloring, coloro, kids coloring, art for kids, coloring pages, printable coloring sheets, speed coloring, satisfying video, drawing for kids, coloring book, rainbow, nature","Satisfying Coloring Magic with Rainbow! 🎨✨

Can you guess what color comes next? Drop your favorite color in the comments! 👇💬

🖍️ Color this sheet online or print it for FREE on Coloro!
👉 Link in bio to color or print hundreds of free sheets: www.coloro.in

Save this Reel for your next fun kids' craft session! 💖

.
.
.
#reels #reelsinstagram #reelsvideo #coloring #coloro #satisfying #satisfyingvideo #coloringbook #kidsactivities #toddleractivities #artforkids #parentinghacks #homeschooling #drawing #coloringpages #speedpaint #arttherapy #diykids #freebies","https://coloro.in/app?category=nature","public","","","unposted"
"2026-10-01T06:47:54.239Z","Super Hero","human","9:16","15","https://raw.githubusercontent.com/Singhak/insta_video/main/super-hero-short.mp4","Satisfying Coloring Magic! 🎨 Super Hero ✨ #Shorts #Coloring","Watch Super Hero come to life with colorful magic! 🎨✨

👉 Color this page online or download the printable PDF free:
https://coloro.in/app?category=human

Coloro (https://coloro.in) is a 100% free interactive coloring web app with hundreds of printable coloring pages for kids, toddlers, and art lovers of all ages!

🖍️ Coloro Features:
✨ Instant one-tap fill & custom brush coloring
📄 High-resolution printable PDF downloads
🦁 Fun categories: Animals, Alphabet, Numbers, Nature, Space, Vehicles & more
🎉 100% Free, no sign-up required!

#Shorts #Coloring #Satisfying #KidsArt #ColoringPages #ArtForKids #Coloro #ColoringBook #SpeedPaint #SatisfyingColoring #ColoringTime #Relaxing #KidsActivities","shorts, youtube shorts, coloring, satisfying coloring, coloro, kids coloring, art for kids, coloring pages, printable coloring sheets, speed coloring, satisfying video, drawing for kids, coloring book, super hero, human","Satisfying Coloring Magic with Super Hero! 🎨✨

Can you guess what color comes next? Drop your favorite color in the comments! 👇💬

🖍️ Color this sheet online or print it for FREE on Coloro!
👉 Link in bio to color or print hundreds of free sheets: www.coloro.in

Save this Reel for your next fun kids' craft session! 💖

.
.
.
#reels #reelsinstagram #reelsvideo #coloring #coloro #satisfying #satisfyingvideo #coloringbook #kidsactivities #toddleractivities #artforkids #parentinghacks #homeschooling #drawing #coloringpages #speedpaint #arttherapy #diykids #freebies","https://coloro.in/app?category=human","public","","","unposted"
"2026-10-01T06:49:00.565Z","Elephant","animal","9:16","15","https://raw.githubusercontent.com/Singhak/insta_video/main/elephant-short.mp4","Satisfying Coloring Magic! 🎨 Elephant ✨ #Shorts #Coloring","Watch Elephant come to life with colorful magic! 🎨✨

👉 Color this page online or download the printable PDF free:
https://coloro.in/app?category=animals

Coloro (https://coloro.in) is a 100% free interactive coloring web app with hundreds of printable coloring pages for kids, toddlers, and art lovers of all ages!

🖍️ Coloro Features:
✨ Instant one-tap fill & custom brush coloring
📄 High-resolution printable PDF downloads
🦁 Fun categories: Animals, Alphabet, Numbers, Nature, Space, Vehicles & more
🎉 100% Free, no sign-up required!

#Shorts #Coloring #Satisfying #KidsArt #ColoringPages #ArtForKids #Coloro #ColoringBook #SpeedPaint #SatisfyingColoring #ColoringTime #Relaxing #KidsActivities","shorts, youtube shorts, coloring, satisfying coloring, coloro, kids coloring, art for kids, coloring pages, printable coloring sheets, speed coloring, satisfying video, drawing for kids, coloring book, elephant, animals","Satisfying Coloring Magic with Elephant! 🎨✨

Can you guess what color comes next? Drop your favorite color in the comments! 👇💬

🖍️ Color this sheet online or print it for FREE on Coloro!
👉 Link in bio to color or print hundreds of free sheets: www.coloro.in

Save this Reel for your next fun kids' craft session! 💖

.
.
.
#reels #reelsinstagram #reelsvideo #coloring #coloro #satisfying #satisfyingvideo #coloringbook #kidsactivities #toddleractivities #artforkids #parentinghacks #homeschooling #drawing #coloringpages #speedpaint #arttherapy #diykids #freebies","https://coloro.in/app?category=animals","public","","","unposted"
"2026-10-01T06:49:46.863Z","Crystal Cavern Baby Dragon","weekly","9:16","15","https://raw.githubusercontent.com/Singhak/insta_video/main/crystal-cavern-baby-dragon-short.mp4","Satisfying Coloring Magic! 🎨 Crystal Cavern Baby Dragon ✨ #Shorts #Coloring","Watch Crystal Cavern Baby Dragon come to life with colorful magic! 🎨✨

👉 Color this page online or download the printable PDF free:
https://coloro.in/app?category=weekly

Coloro (https://coloro.in) is a 100% free interactive coloring web app with hundreds of printable coloring pages for kids, toddlers, and art lovers of all ages!

🖍️ Coloro Features:
✨ Instant one-tap fill & custom brush coloring
📄 High-resolution printable PDF downloads
🦁 Fun categories: Animals, Alphabet, Numbers, Nature, Space, Vehicles & more
🎉 100% Free, no sign-up required!

#Shorts #Coloring #Satisfying #KidsArt #ColoringPages #ArtForKids #Coloro #ColoringBook #SpeedPaint #SatisfyingColoring #ColoringTime #Relaxing #KidsActivities","shorts, youtube shorts, coloring, satisfying coloring, coloro, kids coloring, art for kids, coloring pages, printable coloring sheets, speed coloring, satisfying video, drawing for kids, coloring book, crystal cavern baby dragon, weekly drops","Satisfying Coloring Magic with Crystal Cavern Baby Dragon! 🎨✨

Can you guess what color comes next? Drop your favorite color in the comments! 👇💬

🖍️ Color this sheet online or print it for FREE on Coloro!
👉 Link in bio to color or print hundreds of free sheets: www.coloro.in

Save this Reel for your next fun kids' craft session! 💖

.
.
.
#reels #reelsinstagram #reelsvideo #coloring #coloro #satisfying #satisfyingvideo #coloringbook #kidsactivities #toddleractivities #artforkids #parentinghacks #homeschooling #drawing #coloringpages #speedpaint #arttherapy #diykids #freebies","https://coloro.in/app?category=weekly","public","","","unposted"
"2026-10-01T06:55:16.138Z","Pirate Treasure Chest","object","9:16","15","https://raw.githubusercontent.com/Singhak/insta_video/main/pirate-treasure-chest-short.mp4","Satisfying Coloring Magic! 🎨 Pirate Treasure Chest ✨ #Shorts #Coloring","Watch Pirate Treasure Chest come to life with colorful magic! 🎨✨

👉 Color this page online or download the printable PDF free:
https://coloro.in/app?category=objects

Coloro (https://coloro.in) is a 100% free interactive coloring web app with hundreds of printable coloring pages for kids, toddlers, and art lovers of all ages!

🖍️ Coloro Features:
✨ Instant one-tap fill & custom brush coloring
📄 High-resolution printable PDF downloads
🦁 Fun categories: Animals, Alphabet, Numbers, Nature, Space, Vehicles & more
🎉 100% Free, no sign-up required!

#Shorts #Coloring #Satisfying #KidsArt #ColoringPages #ArtForKids #Coloro #ColoringBook #SpeedPaint #SatisfyingColoring #ColoringTime #Relaxing #KidsActivities","shorts, youtube shorts, coloring, satisfying coloring, coloro, kids coloring, art for kids, coloring pages, printable coloring sheets, speed coloring, satisfying video, drawing for kids, coloring book, pirate treasure chest, objects","Satisfying Coloring Magic with Pirate Treasure Chest! 🎨✨

Can you guess what color comes next? Drop your favorite color in the comments! 👇💬

🖍️ Color this sheet online or print it for FREE on Coloro!
👉 Link in bio to color or print hundreds of free sheets: www.coloro.in

Save this Reel for your next fun kids' craft session! 💖

.
.
.
#reels #reelsinstagram #reelsvideo #coloring #coloro #satisfying #satisfyingvideo #coloringbook #kidsactivities #toddleractivities #artforkids #parentinghacks #homeschooling #drawing #coloringpages #speedpaint #arttherapy #diykids #freebies","https://coloro.in/app?category=objects","public","","","unposted"
"2026-10-01T06:56:31.879Z","Chef","human","9:16","15","https://raw.githubusercontent.com/Singhak/insta_video/main/chef-short.mp4","Satisfying Coloring Magic! 🎨 Chef ✨ #Shorts #Coloring","Watch Chef come to life with colorful magic! 🎨✨

👉 Color this page online or download the printable PDF free:
https://coloro.in/app?category=human

Coloro (https://coloro.in) is a 100% free interactive coloring web app with hundreds of printable coloring pages for kids, toddlers, and art lovers of all ages!

🖍️ Coloro Features:
✨ Instant one-tap fill & custom brush coloring
📄 High-resolution printable PDF downloads
🦁 Fun categories: Animals, Alphabet, Numbers, Nature, Space, Vehicles & more
🎉 100% Free, no sign-up required!

#Shorts #Coloring #Satisfying #KidsArt #ColoringPages #ArtForKids #Coloro #ColoringBook #SpeedPaint #SatisfyingColoring #ColoringTime #Relaxing #KidsActivities","shorts, youtube shorts, coloring, satisfying coloring, coloro, kids coloring, art for kids, coloring pages, printable coloring sheets, speed coloring, satisfying video, drawing for kids, coloring book, chef, human","Satisfying Coloring Magic with Chef! 🎨✨

Can you guess what color comes next? Drop your favorite color in the comments! 👇💬

🖍️ Color this sheet online or print it for FREE on Coloro!
👉 Link in bio to color or print hundreds of free sheets: www.coloro.in

Save this Reel for your next fun kids' craft session! 💖

.
.
.
#reels #reelsinstagram #reelsvideo #coloring #coloro #satisfying #satisfyingvideo #coloringbook #kidsactivities #toddleractivities #artforkids #parentinghacks #homeschooling #drawing #coloringpages #speedpaint #arttherapy #diykids #freebies","https://coloro.in/app?category=human","public","","","unposted"
"2026-10-01T06:57:15.449Z","Chef","human","9:16","15","https://raw.githubusercontent.com/Singhak/insta_video/main/chef-short.mp4","Satisfying Coloring Magic! 🎨 Chef ✨ #Shorts #Coloring","Watch Chef come to life with colorful magic! 🎨✨

👉 Color this page online or download the printable PDF free:
https://coloro.in/app?category=human

Coloro (https://coloro.in) is a 100% free interactive coloring web app with hundreds of printable coloring pages for kids, toddlers, and art lovers of all ages!

🖍️ Coloro Features:
✨ Instant one-tap fill & custom brush coloring
📄 High-resolution printable PDF downloads
🦁 Fun categories: Animals, Alphabet, Numbers, Nature, Space, Vehicles & more
🎉 100% Free, no sign-up required!

#Shorts #Coloring #Satisfying #KidsArt #ColoringPages #ArtForKids #Coloro #ColoringBook #SpeedPaint #SatisfyingColoring #ColoringTime #Relaxing #KidsActivities","shorts, youtube shorts, coloring, satisfying coloring, coloro, kids coloring, art for kids, coloring pages, printable coloring sheets, speed coloring, satisfying video, drawing for kids, coloring book, chef, human","Satisfying Coloring Magic with Chef! 🎨✨

Can you guess what color comes next? Drop your favorite color in the comments! 👇💬

🖍️ Color this sheet online or print it for FREE on Coloro!
👉 Link in bio to color or print hundreds of free sheets: www.coloro.in

Save this Reel for your next fun kids' craft session! 💖

.
.
.
#reels #reelsinstagram #reelsvideo #coloring #coloro #satisfying #satisfyingvideo #coloringbook #kidsactivities #toddleractivities #artforkids #parentinghacks #homeschooling #drawing #coloringpages #speedpaint #arttherapy #diykids #freebies","https://coloro.in/app?category=human","public","","","unposted"
"2026-10-01T06:57:58.788Z","Space Rocket","space","9:16","15","https://raw.githubusercontent.com/Singhak/insta_video/main/space-rocket-short.mp4","Satisfying Coloring Magic! 🎨 Space Rocket ✨ #Shorts #Coloring","Watch Space Rocket come to life with colorful magic! 🎨✨

👉 Color this page online or download the printable PDF free:
https://coloro.in/app?category=space

Coloro (https://coloro.in) is a 100% free interactive coloring web app with hundreds of printable coloring pages for kids, toddlers, and art lovers of all ages!

🖍️ Coloro Features:
✨ Instant one-tap fill & custom brush coloring
📄 High-resolution printable PDF downloads
🦁 Fun categories: Animals, Alphabet, Numbers, Nature, Space, Vehicles & more
🎉 100% Free, no sign-up required!

#Shorts #Coloring #Satisfying #KidsArt #ColoringPages #ArtForKids #Coloro #ColoringBook #SpeedPaint #SatisfyingColoring #ColoringTime #Relaxing #KidsActivities","shorts, youtube shorts, coloring, satisfying coloring, coloro, kids coloring, art for kids, coloring pages, printable coloring sheets, speed coloring, satisfying video, drawing for kids, coloring book, space rocket, space","Satisfying Coloring Magic with Space Rocket! 🎨✨

Can you guess what color comes next? Drop your favorite color in the comments! 👇💬

🖍️ Color this sheet online or print it for FREE on Coloro!
👉 Link in bio to color or print hundreds of free sheets: www.coloro.in

Save this Reel for your next fun kids' craft session! 💖

.
.
.
#reels #reelsinstagram #reelsvideo #coloring #coloro #satisfying #satisfyingvideo #coloringbook #kidsactivities #toddleractivities #artforkids #parentinghacks #homeschooling #drawing #coloringpages #speedpaint #arttherapy #diykids #freebies","https://coloro.in/app?category=space","public","","","unposted"
